Obj,Routes,Vehicles,Elapsed
7.982992591518936,"0,4,3,1,8,12,9,15,7;18,13,16,19,6,2;11,17,5,10;14",4,0.14446472004055977
11.666097132476692,"15,5,16,0,1,8,14,13,2;11,4,3,9,6;19,7,10,12,18;17",4,0.14446472004055977
9.746710212730783,"3,8,10,17,6,19,12,1,14;4,18,16,7,9;5,11,13,0,15;2",4,0.14446472004055977
9.782394426643492,"10,4,0,3,2,6,14;13,11,18,9,7,16;17,8,19,1,15;5,12",4,0.14446472004055977
8.875285349165443,"7,9,11,17,10;3,2,19,18,4,13,1;0,16,15,6,8,5,12;14",4,0.14446472004055977
7.859133400297094,"0,17,5,14,13,9;15,12,10,8;16,7,1,4,2,18;6,3,19,11",4,0.14446472004055977
7.600766460225537,"16,1,7,15,19,13,11;17,12,14,6,4,0;9,3,5,8;10,2,18",4,0.14446472004055977
8.943911417949346,"13,15,11,16,2,18,12;0,17,6,8,5,9;7,10,19,4,1;14,3",4,0.14446472004055977
6.436743309761191,"18,10,7,3,11,13,2,9,15;8,19,0,1,14,6,4;17,12,5,16",3,0.14446472004055977
10.694411163364256,"13,11,4,6,7,10,18,12,14;3,2,17,5,9;15,1,16,8;19,0",4,0.14446472004055977
7.35538491943666,"18,15,2,5,9,3,0,12,7;10,6,14,11,8,4,19,13,17;1,16",3,0.14446472004055977
8.452105874968897,"9,18,4,16,1,19,0;15,10,2,12;5,11,14,13,3;7,8,17,6",4,0.14446472004055977
10.277441483268785,"7,3,18,2,4,1;11,8,15,5,6,13;19,0,14,9,10;17,12,16",4,0.14446472004055977
7.005011998669618,"18,14,4,0,2,6,9,11;17,19,1,5,8,10;15,13,7,12,3,16",3,0.14446472004055977
9.922376931129568,"3,11,5,4,17,12,18,10,13;14,19,9,6,7;15,8,16,2,1;0",4,0.14446472004055977
10.603440698475188,"1,16,5,13,19,3;15,0,9,11,18,8,6;17,14,12,4;10,7,2",4,0.14446472004055977
9.578777829256465,"15,11,2,16,19,0;14,4,6,8;5,9,3,12,10;7,1,18,17;13",5,0.14446472004055977
10.435140868047059,"14,7,2,8,5,0;1,17,3,6,11;4,19,9,12;10,16,18,13;15",5,0.14446472004055977
7.465144436225427,"4,11,10,14,19,7,6,17;18,15,5,8,3,16;1,0,9,13,12;2",4,0.14446472004055977
8.47733518562004,"19,12,15,6,2,7,18;9,17,11,14,13,3,8;5,10,4,1;16,0",4,0.14446472004055977
7.247816447149933,"12,7,5,2,4,11,6;8,10,19,13,14,16,18,17,1;3,9,15,0",3,0.14446472004055977
9.286617977181418,"3,19,18,11,17,6,16;0,14,9,7,15;5,1,8,4,10,13,2;12",4,0.14446472004055977
6.726837310409981,"17,1,6,12,10,4,16,7,13,8;18,0,5,19,3;2,14,9,11,15",3,0.14446472004055977
8.223518576285672,"0,14,13,15,19,3,17;5,4,12,8,6;2,11,9,7;1,10,18,16",4,0.14446472004055977
9.091623362145313,"8,10,5,1,13,14,11,18;19,12,9,15,0,16;7,6,17,4,3,2",3,0.14446472004055977
11.84618011160877,"9,19,6,18,4,2;0,11,14,15;16,5,7,10,13;1,8,3,12;17",5,0.14446472004055977
9.172692915393206,"16,11,6,13,14,17,7,18,0;1,9,19,10,4,5;12,3,2,15;8",4,0.14446472004055977
6.136329778725441,"15,14,8,18,2,16,0;5,4,11,7,19,13,9;6,17,3,1,12;10",4,0.14446472004055977
9.517772504815873,"11,5,6,1,0,17,18;13,3,10,7,12,16;4,8,14,15,9,2;19",4,0.14446472004055977
8.840466282846325,"6,1,3,5,4,15,14;19,7,12,13,9,11,10;8,2,16,18,0;17",4,0.14446472004055977
8.528299614766988,"6,19,2,10,13,18;15,1,4,17,16,3;11,5,7,12,0;9,8,14",4,0.14446472004055977
7.493900687549946,"12,17,9,15,3;8,19,14,18,7,0;13,11,10,6,1;5,2,16,4",4,0.14446472004055977
10.903866332850018,"3,6,10,8,18,19,0,15;12,14,9,7,11;17,5,2,4,13,1;16",4,0.14446472004055977
6.3037890333200925,"5,3,13,0,15,12;4,14,7,18,9,17;8,19,10,16,1,6,2;11",4,0.14446472004055977
6.9542886225297424,"6,1,3,11,16,13,18,7,10;5,4,19,0,12,9;17,2,15,14,8",3,0.14446472004055977
10.240633848302549,"12,1,13,0,2,15;8,10,6,14,9;18,16,3,11,5,4;7,19,17",4,0.14446472004055977
8.151343464231356,"2,16,0,17,14,11;7,18,8,4;5,9,3,10,13;6,12,15,19,1",4,0.14446472004055977
5.27445797773731,"6,3,0,17;14,1,15,2,4,16,13;5,9,7,19,8,10;18,11,12",4,0.14446472004055977
7.72846466263558,"4,5,10,1,8,2,16;17,14,13,6,12;9,19,11,18,15;7,0,3",4,0.14446472004055977
9.211565390962537,"13,10,2,17,9,1,8,14;3,12,18,5,7,19,11;4,15,0,6,16",3,0.14446472004055977
7.4276475814272604,"19,9,8,16,14,10,11,15;18,6,3,13,2,4;0,1,7,17,5;12",4,0.14446472004055977
8.376060869174133,"11,13,17,5,7,12;9,14,15,19,1,0,2;4,6,18,8,10,3;16",4,0.14446472004055977
6.8270416853474565,"4,11,15,18,16,13,14;0,6,8,1,17,10,9;19,2,12,5,3,7",3,0.14446472004055977
9.258037765827238,"4,13,19,5,18;3,7,0,11,8,16,17;9,10,15,6,12,1;14,2",4,0.14446472004055977
10.65187211171027,"18,7,13,10,19;4,1,14,12,15,3,0;9,11,5,6;2,8,17,16",4,0.14446472004055977
8.674672487738603,"7,18,4,16,15,9,10,17,13,5,3,12;2,14,6,11,19;1,8,0",3,0.14446472004055977
8.398377095028504,"9,10,0,5,16,7,1;3,18,2,6,11,19,8;14,4,13,15,17;12",4,0.14446472004055977
6.846052902899517,"13,2,9,18,16,10;0,6,4,12,14,15,17;3,8,11,7;19,5,1",4,0.14446472004055977
9.976004245566505,"16,4,7,18,8,15,6;2,0,9,3,5,13,19;17,11,10,14,1;12",4,0.14446472004055977
6.7775675341846675,"18,4,7,19,11,1,15,14,16;9,0,17,13,12,8;3,6,2,10;5",4,0.14446472004055977
6.816761043693159,"18,16,0,13,9,5,8,19;17,7,3,1,15,6,14;12,2,10,11,4",3,0.14446472004055977
7.319018350345426,"19,17,1,16,0,14,18;3,13,10,9,4,15;11,6,5,7,12;2,8",4,0.14446472004055977
9.287084264487381,"4,0,8,10,1,19,9;13,16,6,5,2,7,11,12;15,17,3,18;14",4,0.14446472004055977
10.729982766263847,"19,15,6,16,8,9,3,4,14;5,17,10,2,1,11;13,7,18,12;0",4,0.14446472004055977
6.63852913674813,"3,5,8,4,7;18,12,13,9,16,11,14;15,19,0,10,1;2,6,17",4,0.14446472004055977
9.999061463120176,"14,10,19,9,0,2,5,18,6;16,12,1,13;17,11,3,8,4;7,15",4,0.14446472004055977
8.948237979460014,"5,9,2,8,17,1;13,4,3,15,11,0;14,7,10,19,6,16,12,18",3,0.14446472004055977
8.497361930668818,"2,4,9,17,7,15;6,8,12,16,19,10,5;11,18,13,1,14;3,0",4,0.14446472004055977
7.517441888304038,"5,18,2,4,10,3,0,16;14,9,19,11;12,15,8,7;6,1,17,13",4,0.14446472004055977
11.83260974703773,"7,2,4,11,13;0,6,12,16,14;15,18,8,5,1,17,19;3,9,10",4,0.14446472004055977
9.173651807834176,"5,11,8,16,7,18,1,19,9,13,2;17,10,15,0,3,4,6;12,14",3,0.14446472004055977
8.939367150759022,"17,14,19,1,10,3,13,7;6,9,2,11,15;5,0,18,4,16;8,12",4,0.14446472004055977
7.821014049738038,"0,7,9,14,3,11,5,18,13;8,12,2,10,16,4;15,6,1,17,19",3,0.14446472004055977
8.128093232255008,"19,18,14,16,5,17;3,7,15,2,4,12,11,6,10;0,9,13,1,8",3,0.14446472004055977
7.112284558766866,"16,7,3,18,0,2,14;10,12,6,17,5,19,1,9;4,15,8;11,13",4,0.11836192011833191
7.83372268815797,"7,11,9,2,4,14,15,19;8,10,18,5,3;12,0,6,13;16,17,1",4,0.11836192011833191
7.004758972184896,"12,18,5,9,15,0;8,11,14,3,10,2;4,6,19,13,1,7,17;16",4,0.11836192011833191
7.665082520755236,"11,5,3,7,13,14,2,17;10,8,0,15,1;9,4,16,19,18;12,6",4,0.11836192011833191
11.587313426474587,"3,6,16,19;7,12,17,15,1;0,5,4,9,8,2;11,18,14,10;13",5,0.11836192011833191
5.58301244046344,"6,5,12,13;15,0,10,14,16;1,3,4,7,19,17;8,18,11,2,9",4,0.11836192011833191
8.376976872898435,"3,18,10,19,8,13,9,2;5,12,11,7,14;17,6,16,0;4,1,15",4,0.11836192011833191
6.761844510278415,"3,10,18,16,6,9,11;8,15,0,14,12,1,7;19,13,17,5,2,4",3,0.11836192011833191
8.356924123953684,"16,11,3,7,15,8;17,10,1,0,12;6,13,19,9,5,14,18;4,2",4,0.11836192011833191
8.791886260978448,"15,4,3,11,17,6,13,2;10,18,16,19,14,8;7,0,5,9,1;12",4,0.11836192011833191
9.526028412544491,"6,16,0,10,17,12,11;13,9,15,1,2;3,7,5,4,19;8,18,14",4,0.11836192011833191
7.5430621936332285,"4,1,2,14,18,5,10;11,19,12,13,7;8,3,15,0;6,16,17,9",4,0.11836192011833191
8.502026092702968,"12,19,0,14,8,10,9,5;16,6,7,4,15;13,17,11,18,3;2,1",4,0.11836192011833191
7.7992279217381855,"1,8,16,7,11,12,10,17;0,15,19,18,9,4,3;6,13,5,14,2",3,0.11836192011833191
8.100284807262485,"17,13,12,9,3,15,16;10,14,4,6,7,11;19,18,2,0,8,5;1",4,0.11836192011833191
9.991623634167778,"12,0,4,2,11;5,13,9,10,16;7,8,3,6,15;19,1,17,18;14",5,0.11836192011833191
7.295520819050227,"8,18,10,6,9,7;3,5,12,19,2;13,1,0,4,11;17,14,15,16",4,0.11836192011833191
8.14298133611269,"10,16,2,11,4,9,3,1,12;14,18,8,6,13;0,5,7,19,17;15",4,0.11836192011833191
9.610870426743029,"18,1,19,10,11;9,2,17,0,14,13,3;12,15,7,4;5,16,8,6",4,0.11836192011833191
8.90776204367826,"3,6,5,4,10,2,19;8,7,11,15,12;9,0,1,14;16,17,18,13",4,0.11836192011833191
8.77397506788322,"9,11,7,6,15,10;2,16,13,1,8,5;19,4,3,18;0,14,12,17",4,0.11836192011833191
5.456925709030848,"8,3,10,12,13,9,5,4;0,6,15,17,11;18,2,19,14,7,16,1",3,0.11836192011833191
7.573049950395625,"16,19,11,17,4,6,2,7;3,10,14,8,12,9;18,5,13,1,15,0",3,0.11836192011833191
9.35797513986833,"5,18,1,8,19,11;12,4,0,14,9,13;2,15,6,16,7;3,10,17",4,0.11836192011833191
6.811553538619344,"16,15,6,5,19,11,8;0,3,17,7,4,14,13;10,9,2,18,1,12",3,0.11836192011833191
7.883899416177304,"3,4,1,13,7,0,12,14;19,15,6,2,5;18,9,16,11,10;8,17",4,0.11836192011833191
6.516482117570931,"9,1,17,11,18,2,5,13;8,0,19,7,4,3;15,16,14,6,12,10",3,0.11836192011833191
7.253797560020804,"12,4,1,17,14,13,10;16,18,5,0,6,9,15,11;3,19,7,8,2",3,0.11836192011833191
8.356524983241684,"11,13,1,6,8,16,12,2;0,18,10,17,4,15;9,19,5,14,7;3",4,0.11836192011833191
7.481913830950554,"10,17,1,9,3,0,15,6;19,8,4,12,5,14;16,13,2,11,7;18",4,0.11836192011833191
10.36433314669628,"7,17,9,13,1,10,16,15;2,19,3,6,11,5;4,0,14,8,12;18",4,0.11836192011833191
10.681413397310052,"4,9,8,5,12,17,19;14,7,18,15,3,2;16,10,11,1,0;13,6",4,0.11836192011833191
11.706586178655776,"8,1,9,4,6,7;12,16,18,10,15;17,11,13,14;3,5,0,2;19",5,0.11836192011833191
7.918274621148682,"12,5,16,17,11,0;2,9,7,4,13,8,3;19,15,10,14,18;1,6",4,0.11836192011833191
6.738736006045258,"1,10,13,11;3,12,8,2,5;17,18,9,4,0,19;15,6,16,14,7",4,0.11836192011833191
9.121507980859914,"2,17,10,15,19,1,0;5,16,7,14,13,8,9;6,4,12,18,11;3",4,0.11836192011833191
5.703099535845038,"13,16,17,11,3,2;5,10,19,0,8;4,12,9,6;7,14,18,1,15",4,0.11836192011833191
11.171167790458869,"15,4,14,3,17,18,2;1,11,9,8,10,7,0;19,5,6,12;13,16",4,0.11836192011833191
9.75721439710664,"6,9,16,18,13;0,8,1,17,4;11,14,10,15;5,3,12,19,7;2",5,0.11836192011833191
8.573322360921273,"16,19,11,8,7,2,10;5,17,12,3,4;6,14,9,15,1;18,0,13",4,0.11836192011833191
12.283016649004526,"18,3,14,5,19,13,8,16;17,6,12,7,11;0,10,1,9,2;4,15",4,0.11836192011833191
7.602944928327622,"12,2,4,6,16,9,15;13,1,5,18,7,3,0;11,8,10,19,17,14",3,0.11836192011833191
10.120778152810644,"16,2,4,15,6,9,7,14;17,12,10,5,18;3,11,13,19;1,0,8",4,0.11836192011833191
9.03856980175715,"13,3,18,12,2,1,5;9,8,4,11,17,6;0,14,7,16,15;10,19",4,0.11836192011833191
11.90761327750508,"2,12,6,0,17,5,11;16,9,15,7,8,4,14;13,19,10,3,18;1",4,0.11836192011833191
7.3867562265577105,"11,10,5,6,7,8,0;3,14,13,1,15,18,16,9;2,12,4,17,19",3,0.11836192011833191
7.787337957044191,"15,11,7,2,0,6,13,14,3;5,9,1,8,4,18,12,19,17;10,16",3,0.11836192011833191
8.731422236890138,"13,12,5,6,8,3,19;17,9,7,10,4,11,14,2;0,1,16,18;15",4,0.11836192011833191
7.984388856570235,"9,18,13,16,17,14,11;0,8,1,4,3,7,5,12;2,10,6,15;19",4,0.11836192011833191
7.913673439475467,"12,7,3,0,4,15;2,13,18,16,6,9,5;17,1,11,14,8;10,19",4,0.11836192011833191
8.179280232052436,"2,14,4,5,7,15,17,16;1,18,10,11,3,6,13,19;9,0,8,12",3,0.11836192011833191
8.424217572196834,"14,10,11,18,5,4,0,12,1;8,7,3,16,15,17,19;13,6,9;2",4,0.11836192011833191
10.251483594087006,"10,1,7,4,11;14,15,12,0,16;2,19,5,18,3;17,6,8,9,13",4,0.11836192011833191
7.399997545718712,"15,10,11,4,14,2,13,19,1;6,7,0,5,3,17,12,8;18,16,9",3,0.11836192011833191
11.106768985442365,"13,12,9,18,5,7;11,6,1,10,4;16,3,17,8;0,14,2,15;19",5,0.11836192011833191
5.744859159128257,"1,3,19,9,7,18;14,0,16,15,8,12,17;11,10,13,6,5,2;4",4,0.11836192011833191
8.64695690409103,"17,2,1,10,15,5,4,0,9;18,11,14,16,6;12,8,19,7,13,3",3,0.11836192011833191
9.930598084943528,"1,3,5,8,15,19,4,16;0,18,12,10,7,11,6,17;13,9,2,14",3,0.11836192011833191
7.54586128642726,"6,5,18,4,0,3;14,19,2,11;16,1,9,13,10,12;17,8,7,15",4,0.11836192011833191
9.347835902809651,"1,2,8,0,6,10;16,9,7,3,5,15,19;14,18,11,4,13;17,12",4,0.11836192011833191
11.316413661067873,"17,18,16,14,4,15;1,11,19,3,0,13;8,7,2,12;5,9,6,10",4,0.11836192011833191
9.442659867043762,"1,5,0,12,2;7,9,16,8,10;17,4,11,6,18,14,3;15,19,13",4,0.11836192011833191
6.951599978199489,"2,16,13,14,18,15,6;12,10,17,8,1;9,3,19,5,7,0;11,4",4,0.11836192011833191
9.642659447822888,"19,8,16,4,5,10;6,11,14,2,0,15,3;12,1,9,13,7;17,18",4,0.11836192011833191
11.303388523474759,"12,18,0,8,1,14;6,10,3,2,4,17,15,5;11,16,7,9,13,19",3,0.1226745955646038
9.029408763971395,"5,0,17,11,3,16,2;18,13,12,19,4,8,15;10,1,9,7,14;6",4,0.1226745955646038
9.791798465565346,"0,10,4,9,5,15,18;11,13,16,8,17,1;14,12,19,6,3,2;7",4,0.1226745955646038
9.312709768387299,"0,8,6,17,14,11;3,12,7,18,4,1;2,19,15,13,10;5,9,16",4,0.1226745955646038
10.219737801602504,"7,1,16,5,8;18,19,13,9,3;14,0,2,15,10;11,4,12,6,17",4,0.1226745955646038
9.731750312171116,"12,0,11,17,19,3,9;1,14,10,18;4,5,16,15,8,6;13,7,2",4,0.1226745955646038
7.243441990138299,"15,2,14,17,1,13,9,16;0,12,5,18,4,7;10,3,19,8,6;11",4,0.1226745955646038
9.296559456484612,"6,15,11,14,9,0,10,12,4;16,1,17,3;18,5,7,2,8;13,19",4,0.1226745955646038
8.650368450054158,"11,14,15,13,9,4,1;2,0,18,6,8,10;7,5,19,12,17;16,3",4,0.1226745955646038
8.265889374969074,"4,18,11,8,5,7;2,17,15,14,3,9,12;1,19,0,6,10;16,13",4,0.1226745955646038
11.276363652445351,"14,9,2,5,1,12,13;8,6,16,19;7,3,10,0,11;4,15,18,17",4,0.1226745955646038
6.499838404357616,"8,3,17,11,1,18,7;16,9,4,14,12,6;5,10,19,13,15,2;0",4,0.1226745955646038
9.34869754769137,"12,3,10,16,13,14,6;0,18,5,7,15,19;8,4,9,1,11;2,17",4,0.1226745955646038
8.147339730809623,"17,0,8,4,15,9;5,14,19,12,11,16,18,10,7;2,3,13,6;1",4,0.1226745955646038
10.098488695128038,"7,8,16,14,4,15,0,10;11,2,3,5,19,18;6,13,12,9,17;1",4,0.1226745955646038
6.7146293586097805,"10,0,8,13,2,5,19,6;11,3,12,14,18;4,9,1,16,7;15,17",4,0.1226745955646038
8.388511995118565,"15,19,3,6,11,14,1;16,8,17,13,0;10,18,7,4;2,9,12,5",4,0.1226745955646038
10.367540122812086,"11,16,8,19,5,6,13,17;10,4,3,7,9;12,14,0,15;18,2,1",4,0.1226745955646038
7.397252937505238,"16,1,17,12,15,10,5,6;11,3,8,2,19,18,7;4,14,9,13,0",3,0.1226745955646038
8.451739064706501,"9,8,3,6,1,10;14,18,16,12,5,11;19,15,7,0,4,2;17,13",4,0.1226745955646038
6.8389267854102735,"19,6,18,14,1,11;16,12,5,9,13,8;0,10,2,4,15;7,17,3",4,0.1226745955646038
8.854117826654324,"12,16,2,17,7,6,11,13,5,15;0,18,10,4,14;9,3,8,19;1",4,0.1226745955646038
11.13715989281376,"19,15,16,8,4;10,9,7,3,5,2,6;13,11,14,0,12;1,17,18",4,0.1226745955646038
8.769047618475918,"9,19,0,4,10;6,5,16,15,17,3,13,1;18,12,14,7,11,2;8",4,0.1226745955646038
11.847233883264789,"7,13,3,6,4,18,0,12;19,2,8,15,14;10,16,5,9,11;1,17",4,0.1226745955646038
8.824135635370224,"11,16,14,17,3;8,7,12,0,19,5,10,6,9;18,4,15,2;1,13",4,0.1226745955646038
7.906950822147861,"4,15,12,10,13;1,9,8,19,14,17;3,18,11,0,5,2,16;7,6",4,0.1226745955646038
10.85890034025304,"7,11,9,3,8,10,17,18,0;16,13,5,19,2;6,1,12,4,14,15",3,0.1226745955646038
8.83197831681885,"15,4,17,8;19,18,0,7,6,10;14,2,16,1,9,5;3,13,12,11",4,0.1226745955646038
8.019342450824906,"17,4,16,10,12,11,2,0,1,3;9,8,6,19,13,14,18;5,7,15",3,0.1226745955646038
6.581655345432209,"9,3,19,1,7;10,12,2,14,6,17;4,15,11,13,18;8,5,0,16",4,0.1226745955646038
12.547986549489941,"13,11,4,8,2;9,12,17,15;19,7,5,16;6,14,10,1,0;3,18",5,0.1226745955646038
9.492587327274249,"18,4,0,2,12,8;19,14,17,10;13,11,1,6,3;9,7,5,16,15",4,0.1226745955646038
10.832510371531413,"11,19,18,9,16,10;4,0,8,13,1,7;3,12,2,15,6,5;17,14",4,0.1226745955646038
9.297136716102305,"2,6,19,1,17,10,5;3,4,18,16,13,15;9,11,12,0,8;7,14",4,0.1226745955646038
9.2236764508825,"8,11,2,3,19,18,1,16;13,7,14,15,17;12,4,10,0,9;6,5",4,0.1226745955646038
11.739964754893215,"5,19,16,6,17;9,15,10,3,7;13,1,0,8;4,14,2,11,12;18",5,0.1226745955646038
8.11648947787601,"4,2,11,5,18,9,0,15;13,16,3,7,14,8;12,6,10,1;17,19",4,0.1226745955646038
10.55427136917895,"12,6,13,4,18;3,17,11,8,7,1;2,14,5,19;9,10,15,0;16",5,0.1226745955646038
8.793087516190997,"7,11,10,1,6;14,16,13,5,12,4,8,17;0,19,3,2,9,15;18",4,0.1226745955646038
8.49202241115924,"1,7,12,5,15,14,2,8,3,17;6,9,11,4,10;13,0,19,18,16",3,0.1226745955646038
9.382515782056066,"16,19,15,0,18,1,9;10,4,11,12,5,13,17;7,3,2,6;8,14",4,0.1226745955646038
10.584922820490998,"8,16,11,1,0,13;4,15,6,5,18,14,7,9;12,17,3,19,10;2",4,0.1226745955646038
10.906864901514654,"5,12,11,13,10,18,0;1,4,15,7,9;16,6,3,17,8;2,14,19",4,0.1226745955646038
9.215123962196037,"2,8,4,6,15;17,18,9,1;14,12,10,11,5,13,0,7,19;3,16",4,0.1226745955646038
8.38804308058562,"12,4,17,11,8,15,10,0,16;9,7,3,6,18,5,13,1;2,19,14",3,0.1226745955646038
8.317179450028185,"4,5,15,16,7,14,10,2;12,19,0,6,11,9;18,13,3,8,1,17",3,0.1226745955646038
7.7969575585577555,"15,9,18,6,5,12,19,2;8,14,11,10,16,17;7,0,1,3;4,13",4,0.1226745955646038
7.924571056727959,"8,0,15,10,16;4,2,14,5,11,12,6,19;18,13,7,3;17,9,1",4,0.1226745955646038
7.820011738760387,"4,3,16,17,0,10,18;5,19,13,6,7;14,12,15,9;1,8,2;11",5,0.1226745955646038
7.909572356830541,"12,4,17,14,8,3,10,15,5,6;2,13,11,7,19;9,16,0,1,18",3,0.1226745955646038
10.320850912644852,"15,0,16,8,3,10,9,7;17,6,14,13,19,2,1;18,11,5,4,12",3,0.1226745955646038
7.3890837542003815,"4,12,7,18,16,10,15,5,6;8,13,14,9,17,11,0,3;19,2,1",3,0.1226745955646038
10.977552680515016,"14,17,16,8,9,5,4,6,10,3;15,13,11,12,2;7,0,1,19;18",4,0.1226745955646038
8.273896170389502,"3,18,14,5,7,15,13,0;10,2,19,6,4,11;16,12,9,8;17,1",4,0.1226745955646038
8.586284379633518,"3,11,18,6,7;8,16,12,13,17;19,1,5,9,2,4;0,14,15,10",4,0.1226745955646038
6.857978159404057,"4,15,11,18,2;9,1,12,19,13;7,17,8,0,14,3;10,5,16,6",4,0.1226745955646038
10.130186181085655,"19,0,17,9,8,4,3,7;15,12,14,2,5,10,13;1,18,6,16;11",4,0.1226745955646038
8.698024552496326,"10,16,1,3,2,18,12,14;9,7,5,0,6;8,19,17,4;11,15,13",4,0.1226745955646038
7.111084890067426,"1,16,7,12,19,15;0,9,14,13,5,8;3,10,11,4,6,2,17,18",3,0.1226745955646038
6.59369436078439,"14,8,5,12,13;19,7,11,18,16;6,9,1,17,10;3,2,15,4;0",5,0.1226745955646038
12.011276717031535,"16,12,9,11,17,8;2,3,5,14,0,7;6,19,10,18,1;4,15,13",4,0.1226745955646038
11.865709002839514,"5,18,1,12,9,4;15,7,3,2,8,11;16,13,10,6,19;14,0,17",4,0.1226745955646038
8.48533268074789,"12,4,15,5,14,2;13,11,0,3,9,17,10;18,1,16,8,6,19;7",4,0.1226745955646038
11.052322904271195,"3,5,16,10,6,19,1,12;14,7,0,15;4,18,11,8,2;9,13,17",4,0.11689505726099014
8.406088698200433,"14,16,10,7,1,12,19;2,17,11,13,18;5,8,9,4,15,6;3,0",4,0.11689505726099014
5.852316569855711,"15,9,3,6,10,11,13,0,4;2,16,7,5,1;17,8,19,18,12,14",3,0.11689505726099014
9.231180476020219,"7,8,0,10,15,18,3;19,12,2,17,13;9,14,4,16,6;11,5,1",4,0.11689505726099014
11.760647320714325,"12,8,11,14,1,17;2,19,9,10,15;16,7,4,18;6,5,3,0;13",5,0.11689505726099014
8.174354117765978,"5,19,15,16,17,8;11,7,14,1,3;2,0,10,12,6;9,4,18,13",4,0.11689505726099014
11.068170169804912,"2,19,15,13,8,9,14,11;16,10,5,3,7;17,6,0,4;12,1,18",4,0.11689505726099014
9.132330154678733,"13,9,19,11,7,1,17,12,14;18,2,5,15,4,10;0,6,3,16,8",3,0.11689505726099014
11.690793413682625,"18,0,2,4,12;3,7,8,5,13,14;6,1,9,11;19,10,17,16;15",5,0.11689505726099014
8.332152452047847,"7,8,19,12,11,6;18,1,10,3,0;5,17,13,4,14;9,2,15,16",4,0.11689505726099014
9.29405693974242,"11,18,12,3,4,9,14;8,5,2,1,17,7,6;0,16,13,10,15;19",4,0.11689505726099014
8.402641543484252,"18,15,19,7,2,5;10,12,16,3,13,6,8;11,9,1,17,14;4,0",4,0.11689505726099014
10.390514271346483,"17,2,6,3,5,9,16;10,15,12,18,0;13,19,14,1,8,4,11;7",4,0.11689505726099014
6.406327122684071,"16,14,8,5,11,6,1,9;19,10,4,3,13;7,18,2,0,15,12,17",3,0.11689505726099014
6.9595334382316985,"4,5,9,8,11,0,1,2,12;10,16,13,17,3,14;7,15,6,18,19",3,0.11689505726099014
9.155374007646524,"12,3,1,6,0,11,10,2,9,17;4,19,15,8,16,7;14,13,18,5",3,0.11689505726099014
7.527186569412566,"19,14,3,7,8,12,1;16,15,17,5,9;18,6,13,2;11,10,0,4",4,0.11689505726099014
7.038444060999346,"3,11,19,7,12,17,13,1;4,0,8,5;9,16,10,2;18,6,15,14",4,0.11689505726099014
8.948779012654798,"10,3,11,17,16,15;14,19,2,1,0,5,8;18,7,12,9,4;13,6",4,0.11689505726099014
8.544346491443477,"17,9,2,7,3;6,19,4,8,10,15;18,11,16,1,5,14;12,13,0",4,0.11689505726099014
9.65488285213694,"4,19,16,9,10,11,1;5,8,0,15,7,6,12;3,13,2,14,18;17",4,0.11689505726099014
10.798262137025729,"12,8,14,10,9,19,18;17,2,5,16,6;11,15,4,13,1,3;0,7",4,0.11689505726099014
7.372559598200185,"9,1,8,17,12,16,5,11;19,14,4,7;3,18,0,13,2,15;10,6",4,0.11689505726099014
10.530088989102573,"17,18,6,11,9;10,14,15,4,12,1,19;3,0,7,2,16;8,5,13",4,0.11689505726099014
7.386999319402041,"13,5,1,14,11,15,8,17,4;6,9,3,7,10,19,18;0,2,16,12",3,0.11689505726099014
7.716846227702407,"1,2,6,14,11,0,4,8;15,17,18,10,9,7;13,3,5,19,12,16",3,0.11689505726099014
9.21958056273495,"18,1,15,14,2,12,7;17,16,3,13,0,19;11,6,9,5;4,10,8",4,0.11689505726099014
7.511219904262119,"15,12,14,7,2,8,17;13,6,16,1,10,3;5,11,9,18,0,4,19",3,0.11689505726099014
8.31146971089788,"13,18,15,12,1,5,0;10,7,17,3;6,16,19,11,4,9;14,8,2",4,0.11689505726099014
7.713305304757629,"0,10,16,3,8,7,14;5,17,13,19,2,15;12,6,11,9,4;1,18",4,0.11689505726099014
6.67655548041346,"12,0,1,11,8,16,6,10;9,5,7,2;15,13,19,17,18;3,4,14",4,0.11689505726099014
9.191321143632445,"7,2,0,5,12,3,14;10,17,9,15,11,4,6;16,19,18,13,8,1",3,0.11689505726099014
11.86600276984479,"16,14,3,12,7,18,1;15,2,8,10,6,4,9;11,13,5,19,17;0",4,0.11689505726099014
10.37414702976958,"1,17,10,8,19,15,0,6;4,9,14,5,11;3,7,12,2,16;18,13",4,0.11689505726099014
8.05504432975001,"4,6,11,3,17,18,8,16;13,1,10,15,7;2,14,19,9,0,5;12",4,0.11689505726099014
5.863168829297726,"16,8,17,0,3,6,14;4,7,11,9,12,10,2,19;5,13,15,1,18",3,0.11689505726099014
9.895973937440612,"16,5,12,7,3,18,6;8,11,17,2,15,9,4;10,0,19,14;1,13",4,0.11689505726099014
7.652971517952375,"19,8,7,6,10,17,4,3,15;5,14,12,2,0,16;11,1,13,18,9",3,0.11689505726099014
7.519529272412787,"13,19,17,3,5,1,8;7,15,16,2,9;6,0,11,4,18;12,10,14",4,0.11689505726099014
7.806708762084255,"10,0,8,16,7,9;5,1,2,12,14,13,4,19;11,18,15,3,17;6",4,0.11689505726099014
11.735007240990695,"6,12,10,5,18,14,4;3,17,15,16,2,1,9,0;13,8,11,7;19",4,0.11689505726099014
8.035880375086892,"1,5,14,8,3,6,10,9;18,7,4,17,11,12;13,15,0,16,2;19",4,0.11689505726099014
7.573310944229609,"18,17,19,9,8,1,16,12,6;3,7,4,13,2,15,10;11,0,5,14",3,0.11689505726099014
9.159799357123404,"6,8,9,16,13,5,15,10,1;0,14,4,18,2;17,7,19,11;12,3",4,0.11689505726099014
9.05714508865372,"18,9,1,19,10,3,16,6;4,11,15,17,13;14,0,2,7,8;5,12",4,0.11689505726099014
9.809505476604816,"12,7,17,2,11,5,18;4,14,9,8,0;3,16,13,15;6,10,19,1",4,0.11689505726099014
7.985250739678302,"9,11,16,19,5,14,13;10,1,7,0,6,4,17,2;8,3,18,15,12",3,0.11689505726099014
8.563043656208096,"2,10,18,11,13,1,16;17,15,9,7,14,8,19;5,4,6;0,12,3",4,0.11689505726099014
8.124315012535973,"12,13,6,15,7,16;10,2,5,11,4,18;3,17,0,14,8;9,19,1",4,0.11689505726099014
10.282936003477968,"9,10,7,19,8,18;12,4,16,3,5,11,14;6,17,2,15;1,0,13",4,0.11689505726099014
8.432542589028364,"16,1,18,3,14,17,13,4;5,9,0,12,7;6,8,10,11,19,2;15",4,0.11689505726099014
8.17333577479782,"4,10,12,2,0,13,1,16,17;5,15,18,3,6,14,7;11,9,19,8",3,0.11689505726099014
10.187118238305409,"7,3,10,9,13,6,18,4;17,0,12,2,11;19,1,14,5;16,8,15",4,0.11689505726099014
9.489427516870245,"14,3,8,18,9;13,6,10,0,1,16,15;7,5,12,4,17;19,11,2",4,0.11689505726099014
7.373974578353845,"16,10,9,17,14,0,18,6,1,7,3;8,4,11,19,13;12,15,5,2",3,0.11689505726099014
9.472231344339466,"5,17,3,2,19,8;14,16,15,18,1,7;10,9,13,11,4,12;6,0",4,0.11689505726099014
7.005890962495431,"2,7,6,9,11;19,16,8,4,14,17,10;3,12,15,13,1,0;5,18",4,0.11689505726099014
10.488511793596418,"1,10,0,19;17,8,4,11,13;5,9,7,6,3;12,15,18,16,14;2",5,0.11689505726099014
10.76375627604025,"6,8,10,5,14,3,19;9,12,2,11;13,1,18,4,15;17,16,0,7",4,0.11689505726099014
4.953614727325042,"1,4,9,0,18,8,5,10,16,11;13,6,12,15,3,7,19;14,17,2",3,0.11689505726099014
7.49816448086096,"3,19,7,4,6,18,15;8,5,14,9,1,11,0,17;13,16,12,10,2",3,0.11689505726099014
7.583668852336684,"10,0,5,9,7;16,6,11,4,17,12;14,2,18,13,3,15,19;8,1",4,0.11689505726099014
8.019517688796276,"13,11,18,6,8,16,7;5,12,9,15,4,19,0;1,14,3,10,2;17",4,0.11689505726099014
6.140243506173265,"17,8,6,9,19,4;2,12,10,5,7,3,0,11;13,16,15,18,1,14",3,0.11689505726099014
8.014343588023996,"15,18,7,10,3,8;2,17,12,14,11,16,6,5;19,0,1,4;9,13",4,0.12089360132813454
9.180823900455861,"16,4,7,8,13,9,2,5;15,6,11,19,18;12,0,3,14;10,17,1",4,0.12089360132813454
9.317186675172195,"12,4,10,8,11,19,0;5,18,3,2;17,9,16,6,7,1;13,15,14",4,0.12089360132813454
9.620044134302933,"0,6,2,13,8,17,11,18,1;19,4,7,15,10,16;12,5,14,3,9",3,0.12089360132813454
7.02986420608177,"12,17,13,10,16,3,19;2,18,7,8,14,9,5;4,15,6,0,11;1",4,0.12089360132813454
7.612247294726052,"18,8,3,6;15,4,19,12,13,16;1,5,10,17,0,9;7,2,14,11",4,0.12089360132813454
10.76039050102816,"0,13,16,10,9,5,1,14;11,7,4,18;6,17,19,3,15;8,12,2",4,0.12089360132813454
8.527169698791635,"14,15,16,1,11,3,2,0,17;12,5,10,18,6,19,9;7,8,4,13",3,0.12089360132813454
8.848103841957197,"16,17,1,13,15,9;3,4,0,8,18,14;2,5,7,11,19,6;10,12",4,0.12089360132813454
9.725599817832839,"15,10,6,14,9,11;13,3,4,17,2;16,8,18,1,7,19;0,5,12",4,0.12089360132813454
11.349772273194262,"14,6,11,7,17;5,19,10,15;18,4,1,2,12,8,3;9,0,13,16",4,0.12089360132813454
8.355169171943347,"14,1,18,0,13,10,9;6,4,12,11,5,8,15;7,3,19,17,16;2",4,0.12089360132813454
8.31045676015142,"3,8,13,10,17,2,12,0;14,11,19,5,6,9,7;16,15,1,18,4",3,0.12089360132813454
9.467042720456753,"8,19,13,2,0,10,7;3,9,18,14,17,15;4,1,5,6;16,12,11",4,0.12089360132813454
9.812221752084904,"13,15,6,10,7;5,14,18,19,0,11,8,17,1;9,3,2,4,12;16",4,0.12089360132813454
7.1757795560550806,"2,0,18,9,12,19,7;11,8,14,3,4,5;6,10,1,15,13;17,16",4,0.12089360132813454
7.888249489216525,"5,11,10,6,4;8,17,3,14,9;12,19,16,2,18,13;1,15,7,0",4,0.12089360132813454
7.102036079715587,"9,8,15,10,3,19,4,16,6;7,11,18,5,17,14,2,1;13,12,0",3,0.12089360132813454
7.041693629943506,"12,7,9,15,1,14,13;17,0,10,18,6,11;8,3,5,19,4;2,16",4,0.12089360132813454
10.833360494127652,"0,6,15,14,16;18,5,9,13,7,11;8,10,1,2,19;17,4,3,12",4,0.12089360132813454
6.3317019748594845,"14,8,5,9,10,13,15,6,11;4,0,3,18,7,17,1,2;16,12,19",3,0.12089360132813454
9.556074669247716,"1,16,11,0,10,18,13,14,12,3;5,6,15,8,7;17,9,4,19;2",4,0.12089360132813454
8.411516855436227,"13,19,17,6,5,4,9;18,2,16,0,15,3;1,8,14,12,11;7,10",4,0.12089360132813454
9.447520770473098,"17,12,4,6,13;11,15,16,8,14,3,19;5,9,0,18,7;2,10,1",4,0.12089360132813454
8.085065194738972,"18,12,9,8,7,13,10;16,2,6,1,5,14;3,4,11,15,17,0,19",3,0.12089360132813454
7.3922398359363815,"3,18,11,17,16,19,7;6,13,14,9,10,15;4,8,2,5,0,1;12",4,0.12089360132813454
7.23106204098655,"1,15,11,9,2,18,4;5,8,19,17,13;16,3,12,7,0,10,6;14",4,0.12089360132813454
7.43556184653651,"10,12,11,7,9,4,17;8,19,15,18,5,0;2,16,6,14;13,3,1",4,0.12089360132813454
6.541999775166509,"2,13,5,9,7,4,16;1,19,6,11;15,8,10,3,12,17,14;18,0",4,0.12089360132813454
9.116090885430092,"12,0,10,2,4,18;17,15,11,14,1;5,8,16,13,9,3;6,7,19",4,0.12089360132813454
10.114414333483962,"7,16,15,6,10;12,0,14,19,3,5,11;1,4,9,13,8;17,2,18",4,0.12089360132813454
12.075716915617996,"19,4,7,10,5,13,3;15,9,1,16,18;12,6,11,8;17,14,2,0",4,0.12089360132813454
6.636570276315739,"13,14,6,18,17;1,10,9,12,8;11,2,16,15,7;4,5,3,19,0",4,0.12089360132813454
8.651699156018225,"18,12,8,19,14,17,7;3,16,2,5,6,11;4,10,15,1,13,9;0",4,0.12089360132813454
9.75699099401173,"1,3,19,8,5,2,18,13,15;7,6,10,14,4;9,12,11,0,16;17",4,0.12089360132813454
9.715161613021552,"5,6,11,19,0,15,7,2,12,1,8;13,9,18,17;4,10,16,14,3",3,0.12089360132813454
8.348940792662795,"10,9,5,16,7,6,11;12,1,13,0,19,4,8,18;3,15,17,2,14",3,0.12089360132813454
6.4747451080502065,"17,11,18,6,14;15,5,16,13,19,1,7;12,2,9,4;3,10,0,8",4,0.12089360132813454
13.062239811313537,"2,17,19,11,16,15,1;8,3,10,5,18;4,7,9,14,6;0,12,13",4,0.12089360132813454
7.627477199614252,"8,11,15,19,3,13,14,4;18,1,2,17,9,6;5,12,0,16,7;10",4,0.12089360132813454
9.913238295588236,"6,13,19,2,14,10;16,3,5,15,8,7;9,17,4,1,11,12;18,0",4,0.12089360132813454
8.648724305295936,"17,5,8,11,10,18,16;3,19,2,7,13,15;0,14,12,4,6;9,1",4,0.12089360132813454
11.908613981120933,"18,4,2,9,17,3,12,7,0,5,13;14,6,10,1,19,15,11;16,8",3,0.12089360132813454
10.476566546046191,"4,1,2,9,7,8,3;11,12,19,13,16,17;15,10,18,14,6;0,5",4,0.12089360132813454
7.638282146031537,"2,0,10,4,9,7,13;11,18,5,17,8,16,1;19,15,14,6;3,12",4,0.12089360132813454
10.050991724790952,"7,3,11,15,18,5,1;19,16,4,12,8,17;10,6,0,9;13,2,14",4,0.12089360132813454
10.533756896296888,"3,17,13,19,9,14,15;5,16,4,10,18,2,11;12,6,0,7,8;1",4,0.12089360132813454
7.953664245047207,"0,15,9,11,8,2,4,19;13,12,3,6,10,5,18;7,16,1,17,14",3,0.12089360132813454
11.079134648945058,"6,18,2,11,14;9,16,19,7,10,8,12,0;5,4,3,15,17,13;1",4,0.12089360132813454
6.473449477098933,"7,4,18,6,2,0,1,19,12,11,14;8,10,13,9,16;17,5,3,15",3,0.12089360132813454
10.464813680542548,"10,6,7,15,4,13;8,2,9,1,14;19,16,3,18,12,5,0;11,17",4,0.12089360132813454
12.039033662818197,"18,9,5,11,6,3,12,4;8,19,10,2,0,7;13,16,1,14;15,17",4,0.12089360132813454
7.546565995079304,"7,8,16,11,4,15,10;9,14,18,5;1,19,17,0,13,6;3,12,2",4,0.12089360132813454
7.99665686299547,"12,3,19,17,13,6,4;8,16,5,15,2,1;14,7,10,18,11,9;0",4,0.12089360132813454
9.115249740409803,"0,9,2,11,16,12,17;6,4,1,7,8;3,18,5,14,19,15,13;10",4,0.12089360132813454
8.36706648584029,"3,11,17,14,15,7;16,18,6,19,4;1,10,9,5,13;8,2,0,12",4,0.12089360132813454
10.788957673663782,"4,19,6,15,9,18,10;7,11,17,12,16,1,2,0;5,8,3,14;13",4,0.12089360132813454
11.321814011336853,"11,6,3,15,4,14,10,2;19,9,16,7,13;1,5,8,12,18,0;17",4,0.12089360132813454
7.538999209924137,"14,8,18,5,16;12,7,6,3,10,11;13,1,17,9,19,4;2,15,0",4,0.12089360132813454
10.829841608235805,"15,1,9,18,13,7,8;3,16,5,0,17,6;11,4,10,14,12;19,2",4,0.12089360132813454
9.158332167888698,"16,0,3,8,18,4,13,19,7;6,17,1,14,2,12;11,9,5,15,10",3,0.12089360132813454
9.704044075681907,"12,17,18,3,13,5;9,10,1,6,2,14;7,11,0,4,19;8,15,16",4,0.12089360132813454
9.745259580317503,"7,4,16,19,5;8,17,13,2,0,9,10,1;6,11,3,18,14;15,12",4,0.12089360132813454
8.901219663544431,"8,5,7,3,15,19,10,14;0,13,12,6;4,11,18,9,17,2;1,16",4,0.12089360132813454
9.760261109034573,"0,19,10,17,14;6,11,7,9,5,4,2,12;13,1,16,18,3;8,15",4,0.12186276912689209
10.374762118896907,"17,13,2,16,1,9,15;3,19,8,7,0,6,10;18,11,4,12,5;14",4,0.12186276912689209
12.401711917885788,"1,19,13,3,16,0,10;6,11,7,12,17;15,18,9,8,5;4,2,14",4,0.12186276912689209
9.520928851677382,"10,5,11,15,6;13,0,9,14,2,7,19,17;4,8,16,12;3,18,1",4,0.12186276912689209
7.059725021928633,"17,12,5,9,10,13;2,19,1,14,3,4,11,18,0,6;7,8,16;15",4,0.12186276912689209
8.521116621093704,"0,7,8,6,15,17;12,9,14,3,2;1,16,13,5,4,10;19,18,11",4,0.12186276912689209
10.080671191064251,"9,15,7,18,4,5,19,10;14,8,0,11;12,6,17,2;3,16,13,1",4,0.12186276912689209
9.02374319845235,"5,6,14,19,13,18;7,12,16,9;1,3,10,0,15;17,8,11,4;2",5,0.12186276912689209
7.311108867039525,"18,14,19,0,11,4;16,12,10,9,1;17,6,3,5,8,15;13,2,7",4,0.12186276912689209
8.748983946638601,"10,13,2,19,3,11,16;8,12,0,7,4;18,1,9,6,17;5,15,14",4,0.12186276912689209
7.3378008627491,"8,14,6,4,2,13,12,0;18,7,1,3,19;11,5,17,9;10,15,16",4,0.12186276912689209
7.982122624784424,"7,3,13,18,11,6;8,19,2,12,14;9,10,4,5,17,16;1,0,15",4,0.12186276912689209
7.697871633867393,"4,0,10,5,16;12,15,8,3,19,18;14,1,17,7,11,2;13,9,6",4,0.12186276912689209
8.620287254769584,"14,2,10,9,15,17;13,19,3,1,7,6,8,0;18,5,11,16;12,4",4,0.12186276912689209
5.915595922158912,"18,12,16,17,3,9,6,5;0,19,14,7,2,10;4,13,15;8,1,11",4,0.12186276912689209
9.054257786580777,"3,15,17,6,9;16,0,1,12,10,7;19,4,11,8,18,14;5,2,13",4,0.12186276912689209
12.630204014749669,"11,3,2,13,12,5,9;17,6,19,4,10,16;14,1,8,15;7,0,18",4,0.12186276912689209
10.531326520238323,"0,8,10,14,5,2,17,7;19,12,18,15,3;11,6,4,9,1;16,13",4,0.12186276912689209
9.01710986236123,"4,6,16,7;8,5,17,3,18;11,10,19,2,13,9,14,0,1;12,15",4,0.12186276912689209
9.990298936649294,"2,10,16,7,13,18,19,8,9,12;5,15,11,14,3,4;0,1,6,17",3,0.12186276912689209
8.93908421201033,"0,8,15,16,3,7;18,5,17,4,13,19;1,2,12,6,11;9,14,10",4,0.12186276912689209
7.9161487796633665,"4,7,14,8,6,2;17,1,13,19,10;5,16,12,0,11,3,18;9,15",4,0.12186276912689209
8.456713234963338,"19,1,10,4,9;6,2,12,0,8,7,3;17,16,13,11,5,15;18,14",4,0.12186276912689209
8.715892038198438,"18,3,17,10,12,0,11;2,5,15,6,13,8;4,7,16,14,9;19,1",4,0.12186276912689209
7.974341543827536,"4,0,7,8,17,19;11,9,3,14,6,16;10,13,5,12,2;1,15,18",4,0.12186276912689209
11.589254287258726,"3,7,6,17,4,10;16,0,1,14,9;5,13,19,8,12;11,18,2,15",4,0.12186276912689209
7.107745278424618,"8,14,18,3,19,2,17;6,13,16,10,9,15;4,1,0,11,7;12,5",4,0.12186276912689209
9.269300857488645,"16,6,15,2,5,19,3;7,10,9,1;14,0,11,12,8;18,13,4,17",4,0.12186276912689209
11.318952380486506,"13,4,18,16,19,7;14,3,11,2,8;10,15,9,0,17;6,12,1,5",4,0.12186276912689209
7.181426246251447,"12,14,9,11,2,3,15,5;17,13,16,6,8,4;1,19,0;10,18,7",4,0.12186276912689209
8.975747928552334,"13,8,3,0,19,9,15,12;11,17,2,1,14;10,7,4,16,18,5;6",4,0.12186276912689209
10.224375570540316,"14,9,2,4,6,19,0,15,12,17;16,8,7,13,10;18,5,11,3;1",4,0.12186276912689209
10.622029958669664,"13,0,10,9,4,11,1;3,15,12,5,14;18,7,2,19,8,17;6,16",4,0.12186276912689209
6.104213306802034,"11,5,0,3,2,4,7;15,6,19,17,18,16;14,10,1,8,9,13,12",3,0.12186276912689209
8.800176265173878,"9,4,11,15,12,5,19;6,3,13,17,1,0,18;2,7,10,8,14;16",4,0.12186276912689209
8.183874048838994,"1,15,11,13,17,18,14;12,4,5,16;3,2,0,9,7,8;6,19,10",4,0.12186276912689209
7.692329864040733,"12,2,3,4,18,1,7;16,10,9,5,19,0;6,8,11,15,14;17,13",4,0.12186276912689209
8.353642412434311,"15,5,10,17,3,7,6,9;11,16,2,14,18,13,4;12,8,19,0;1",4,0.12186276912689209
13.114722859606076,"14,12,5,8,17,10;18,11,7,6,19;4,15,9,1,3,16,0;2,13",4,0.12186276912689209
7.254435057255537,"6,18,9,8,14;16,17,12,1,11,4,2;10,5,7,3,13,15;0,19",4,0.12186276912689209
6.5011515635150365,"1,15,13,12,7,8,17;14,3,11,9,19,4,0;16,6,2,5,10,18",3,0.12186276912689209
7.373530727143768,"12,14,17,8,5;11,7,0,2,19,10,9,18;3,1,6,15;13,4,16",4,0.12186276912689209
12.906956486188381,"5,14,12,11,13,10,15;4,8,7,17,3;6,1,18,16,19;0,9,2",4,0.12186276912689209
9.28155171999914,"0,17,4,13,7,6;9,18,14,11,10,3;15,16,5,8,19;1,12,2",4,0.12186276912689209
10.377262106140336,"14,5,17,16,8,2,1,4,10,6;19,7,12,11,18,9,0;3,15,13",3,0.12186276912689209
10.31620280741447,"6,9,19,14,12,1,13,8,17;16,5,3,7;4,11,0,18,15;10,2",4,0.12186276912689209
8.391802179632863,"2,14,1,13,8,0;7,18,5,12,15,11,6;3,9,17,4,10,16;19",4,0.12186276912689209
6.734342864840561,"2,16,19,10,11;12,15,0,6,13;5,4,9,17,7,18;8,3,14,1",4,0.12186276912689209
6.9819139615477095,"7,10,2,11,5,3,19;9,16,12,8,17;18,4,6,13;14,15,1;0",5,0.12186276912689209
8.598870348105237,"4,9,3,0,5,1,10,19;17,18,15,11;7,8,12,2;6,14,16,13",4,0.12186276912689209
8.5916252648218,"11,0,3,2,7;10,14,6,12,15,17;1,18,9,4,8,5,19;16,13",4,0.12186276912689209
10.424125219932467,"8,0,3,17,6,16;19,12,9,14,10,5,2;18,7,1,13,11;4,15",4,0.12186276912689209
9.063387822978537,"19,14,16,10,5,17,1;13,12,6,3,4,2,9;11,15,7,8;0,18",4,0.12186276912689209
7.898340479555721,"0,12,5,2,3,17,15;8,4,19,18,16;11,7,10,6;1,14,9,13",4,0.12186276912689209
8.761341476370566,"14,7,5,8,2,9,10,16;12,18,4,6,11;0,17,19,3,13;1,15",4,0.12186276912689209
10.430501872947868,"5,6,10,0,7,12,13,19;14,16,3,17,1;9,11,18,15,2,8,4",3,0.12186276912689209
9.24353222089284,"13,5,7,10,3,11,0;12,14,6,8,17,4;1,9,19,16,18;15,2",4,0.12186276912689209
9.444502171280565,"2,18,3,8,4;10,5,14,15,9,7;1,13,12,6,11;0,19,17,16",4,0.12186276912689209
7.970413494761615,"8,14,6,5,2,19,16,13,0;12,9,4,10,1,3;17,18,15,11;7",4,0.12186276912689209
8.126861205888433,"9,14,4,10,18,11,3;8,19,1,16,13;5,17,6,0,2,7;12,15",4,0.12186276912689209
8.832059850360414,"7,2,17,8,0,4,13,19;14,16,10,11,9,3,6;12,5,1,18;15",4,0.12186276912689209
8.00808720470986,"1,9,12,15,14,10,6;18,5,0,4,16,11,2,8;13,19,17,7;3",4,0.12186276912689209
6.563931465932642,"6,15,0,1,10,8;16,12,7,19,5,3;9,2,11,14,4,18;13,17",4,0.12186276912689209
7.66038903751249,"11,16,18,19,6,9;13,10,4,14,0,3,12;8,7,1,15,2,5,17",3,0.12186276912689209
7.963059750343067,"12,11,8,16,15,4;10,9,5,6;1,0,7,17,14,18,19;13,2,3",4,0.11609572917222977
9.056414517281585,"1,13,9,11,10;6,16,0,3,4;7,12,5,8,15;17,19,18,14,2",4,0.11609572917222977
6.385530183643825,"8,17,11,10,6,16;19,4,14,18,5;7,13,2,15,12,3,1;0,9",4,0.11609572917222977
8.818223909643734,"2,3,19,9,8,6,10,17,13,7,15;4,12,14,0,16;18,5,11,1",3,0.11609572917222977
7.506813296185907,"18,4,13,9,15,7;2,1,10,6,14,3,8,19,12;16,11,17,5;0",4,0.11609572917222977
7.5706337910327095,"3,6,18,16,5,13;4,12,7,8,15,14,19,10;0,2,17,9,11;1",4,0.11609572917222977
9.010531737788762,"18,4,3,15,1;6,10,13,12,17,19,11,16;2,8,5,7,0;14,9",4,0.11609572917222977
9.09009362311868,"1,4,15,10,5,14;9,19,0,8,6,2,3,16;11,13,7,17;12,18",4,0.11609572917222977
7.642015045020558,"16,13,6,15,17,12;10,5,9,7,1,11;3,2,8,18,4;19,0,14",4,0.11609572917222977
9.920680400795405,"0,18,5,8,6,13;14,4,10,15,16,9,7,2;17,11,12,19,3;1",4,0.11609572917222977
8.939757427284805,"6,3,5,15,11,7,2;19,1,13,0,16,10;12,17,18,4,8;14,9",4,0.11609572917222977
9.633972344228692,"1,7,17,19,4,5,10;6,13,16,0,11;12,2,3,14;18,8,9,15",4,0.11609572917222977
7.914297299514466,"8,18,6,2,16,14,3,4;0,1,9,7,11,17,12;10,13,19,5,15",3,0.11609572917222977
6.739455857462724,"7,4,18,8,5,9;16,13,3,12,6,14,10,19;15,1,11,17,2,0",3,0.11609572917222977
11.290923251625607,"1,14,6,13,18,12;8,5,17,3,9;16,10,7,2,11,0;15,4,19",4,0.11609572917222977
7.254187367247738,"19,10,16,5,6,11;2,3,7,8,4,9,14,12,13;18,15,0,17,1",3,0.11609572917222977
8.781816006486391,"15,3,18,9,14,13,19,11;2,8,5,4,7;16,12,1,6,10;0,17",4,0.11609572917222977
5.363375870597698,"4,2,18,16,10,13;11,15,9,0,7;1,17,6,12,14,3,5;8,19",4,0.11609572917222977
8.330201789413819,"1,17,2,0,16,8,4,15;6,18,7,10,13,12;9,5,19,14;11,3",4,0.11609572917222977
9.261842930180238,"9,5,7,8,1,2,18;10,17,11,4,14,16,3,0;15,6,12,19,13",3,0.11609572917222977
7.460124293631769,"3,4,7,14,2,19,1;13,0,18,5;11,16,8,12,6,17;10,15,9",4,0.11609572917222977
8.71258601238226,"13,5,9,16,15,8,7,14;3,11,10,6,0,1,19,12;4,2,18,17",3,0.11609572917222977
9.494723016490411,"8,11,1,3,7,15,9;2,19,16,12,4,18;17,5,0,13;10,14,6",4,0.11609572917222977
9.363408828795997,"2,18,10,5,4,8,1,15;17,9,0,6;14,12,3,13;11,19,7,16",4,0.11609572917222977
9.759087002688373,"10,6,0,12,5,7,9,14,15,1;2,18,4,11,13,3,8;19,16,17",3,0.11609572917222977
7.459726787966565,"0,15,1,14,17,5;3,9,19,13,4;11,2,6,8,7,16;12,10,18",4,0.11609572917222977
9.045787306641875,"4,11,6,0,14;3,19,17,13;9,15,7,10,5,12,8;18,16,1,2",4,0.11609572917222977
11.05709539544328,"18,11,5,7,6,0,10,2,8;13,12,14,4,17,19;15,1,9,3,16",3,0.11609572917222977
8.77917784777285,"2,11,13,7,12;4,3,6,17,16,10,19;14,9,15,0,5,18;8,1",4,0.11609572917222977
6.540206876003011,"17,18,8,1,5,12;13,15,6,19,11,4,10;7,3,16,2,9;0,14",4,0.11609572917222977
7.815419269624557,"11,19,6,17,5,18,14;7,12,1,2,0,9;13,16,3,8,10;15,4",4,0.11609572917222977
9.04210426461333,"8,0,3,16,6;18,19,10,15,12;11,7,4,13,9,17,5;2,14,1",4,0.11609572917222977
10.07766154563599,"15,2,1,19,14;9,10,3,17,13,8;5,11,16,0,12;4,6,7,18",4,0.11609572917222977
6.945393843463699,"13,2,1,11,16,3,0,14,4;9,10,12,19,5,8,18;17,7,6,15",3,0.11609572917222977
9.80622598651165,"14,16,4,9,12,10;3,17,8,13,6,1;15,7,5,11,2,0;18,19",4,0.11609572917222977
9.823546924758235,"1,11,19,12,13,7;9,17,2,15;6,8,4,14,16;5,3,0,10;18",5,0.11609572917222977
9.350663384303221,"10,11,5,6,2,18,0,17;15,12,9,7,8;13,16,1,14;19,4,3",4,0.11609572917222977
6.9824365927691225,"13,6,12,17,14,2;3,15,5,16,10;0,9,19,11,7;4,8,1,18",4,0.11609572917222977
8.139166783444367,"15,9,8,16;10,7,11,1,6,12,4,5,14;19,18,2,3,13;17,0",4,0.11609572917222977
12.04854343711589,"5,16,6,3,4,7;10,1,18,11,12,15;14,0,8,9;17,2,13,19",4,0.11609572917222977
11.94716336797887,"7,18,15,6,12,17,5,2;4,19,11,16,9,13;8,3,14,0;10,1",4,0.11609572917222977
8.441721109276696,"15,9,5,4,6,14,17;19,3,18,11,2,13;7,16,8,1,10;12,0",4,0.11609572917222977
10.489137550057176,"10,15,11,1,9,14,5;0,13,3,12,17,19,18;8,16,7,4;6,2",4,0.11609572917222977
7.519911430113666,"8,7,6,14,9,0;5,13,10,11,4,2;3,18,16,19,17;1,12,15",4,0.11609572917222977
10.109200335226145,"5,11,8,3;2,9,18,10,4,12;6,13,0,17,14,7,15;1,19,16",4,0.11609572917222977
8.671237466893997,"13,4,3,12,7,18,1,19,2,10;11,16,14,0,6,8;17,5,9,15",3,0.11609572917222977
9.269052539272954,"4,2,11,6,9,7;17,15,16,19,8,10;14,3,13,0,12;5,1,18",4,0.11609572917222977
6.292250047845498,"17,8,5,9,19,13;12,10,11,0,6;1,15,4,18,14,7;16,3,2",4,0.11609572917222977
7.801183327017835,"13,5,3,4,10,14;16,11,8,9,19,12;15,7,18,2;17,1,0,6",4,0.11609572917222977
11.330282770019664,"12,0,3,11,5,7,6,1;8,17,4,2,13;19,14,9,16,18,10;15",4,0.11609572917222977
9.177653489701282,"13,19,4,5,6,0,11,14,16;18,1,17,15,2;7,9,3,10,8;12",4,0.11609572917222977
9.866286680264706,"16,3,9,18,7,6,0,4;2,14,17,1,10,5;8,11,19;15,13,12",4,0.11609572917222977
10.949149848725629,"2,8,11,17,13,12;5,0,4,7,1;14,3,9,18;19,15,6,16;10",5,0.11609572917222977
6.849769843203816,"10,17,8,7,3;15,1,13,0,9;2,18,19,12,4,16,5;6,11,14",4,0.11609572917222977
9.755986292194208,"17,2,0,4,10;15,9,11,19,18,6,14;3,13,1,7,16;5,8,12",4,0.11609572917222977
8.77617172540486,"11,2,5,16,8,15,14,19,10;4,13,0,9,12,1;7,17,6,18,3",3,0.11609572917222977
8.758253724407405,"19,10,8,12,6,3;11,9,18,16,17;5,13,4,14,7,1,0;2,15",4,0.11609572917222977
7.05605728829314,"3,6,5,16;15,14,9,12,17,19;10,11,18,0,13,7;4,8,1,2",4,0.11609572917222977
9.370947926570436,"10,7,19,14,15,4,5;16,3,17,2,12,0,8,6;1,9,11,18;13",4,0.11609572917222977
4.913912861922655,"13,19,1,9,8,2,12,11,18,7,3,4;6,16,10,17,0,14;5,15",3,0.11609572917222977
10.62594279693259,"9,3,13,6,17,18,19;5,14,12,16,15;11,0,7,10,4;8,2,1",4,0.11609572917222977
7.514717818752755,"18,7,0,15,3;1,2,14,17,19,13,11;6,16,9,5,8;4,12,10",4,0.11609572917222977
9.994928948239677,"12,16,2,18,11;5,13,14,17,10,6,1;4,3,19,15,7,9;8,0",4,0.11609572917222977
9.492382235084998,"19,18,1,8,14,11;2,3,17,13,6;16,12,5,10,4,7;0,9,15",4,0.11609572917222977
8.906541403452469,"13,19,9,3,10,15,1;8,14,7,5,6;4,17,16,12,18,2;11,0",4,0.11977609992027283
8.248336596326215,"10,5,19,17,12,2,0;3,15,7,9;1,11,16,18,6;13,14,8,4",4,0.11977609992027283
8.525782950507319,"2,17,11,5,1,13;8,14,19,7,4,9;6,10,18,0,3;16,12,15",4,0.11977609992027283
8.798137123533689,"3,0,19,9,13,10;14,15,8,5,1,12;16,17,11,4,6;7,18,2",4,0.11977609992027283
9.88983507956144,"5,16,10,11,4,18,9;17,3,6,2,19;15,12,7,13;8,1,0,14",4,0.11977609992027283
10.334727868583593,"14,2,17,3,1,10,9,11,19;15,5,12,4,8,18,0,13;6,7,16",3,0.11977609992027283
10.84883178976421,"5,10,8,6,3,14,13,15;9,17,18,11,4,7,12;2,16,19,0,1",3,0.11977609992027283
10.934236858807294,"7,17,4,8,2,3,5;10,1,11,12,16,14;18,0,6,15;19,9,13",4,0.11977609992027283
8.12064768571686,"11,4,12,19,7,6,16,3;14,8,1,10,2;17,5,18,13,0,15;9",4,0.11977609992027283
9.149597347386093,"10,4,14,5,6,11,19,15,18;12,17,8,7,3,16,13;0,1,9,2",3,0.11977609992027283
10.043182920620435,"15,4,1,19,16;3,2,11,18,14,7,12,6;0,17,8,5,9;13,10",4,0.11977609992027283
10.722050284125439,"0,19,9,18,17;4,16,2,14,3;13,10,6,1,5,7,8;11,12,15",4,0.11977609992027283
8.216341708963625,"7,3,12,6,5,11;0,9,10,4,1;8,19,15,17,14;2,18,16,13",4,0.11977609992027283
10.335890698124349,"10,4,8,17,11,16,2,0;5,19,6,12,3;18,9,7,13,14;1,15",4,0.11977609992027283
13.547100003931664,"3,12,1,16,9,10;0,4,2,6,14,7,19,8;5,11,18,13,17;15",4,0.11977609992027283
6.838103167498752,"11,17,7,15,0,10,13;8,5,18,2;12,6,16,4,9,14;3,1,19",4,0.11977609992027283
10.442687173670258,"14,10,13,18,4,19,12,17,3,2;6,8,16,11,7,0;5,15,9,1",3,0.11977609992027283
7.964331273268939,"5,15,19,12,9,13,6,3,14;10,18,7,17,11;2,4,8,0,1;16",4,0.11977609992027283
9.034806684526787,"6,7,11,13,19;18,15,14,0,4,1;10,8,3,16,5,12,9;17,2",4,0.11977609992027283
6.9575153343690905,"1,0,6,7,14,11,4;13,5,3,9,10,12,2,17;8,19,15,18,16",3,0.11977609992027283
9.131369891361173,"13,3,6,0,15,10,12;14,19,16,17,7;18,4,11,5,8;2,9,1",4,0.11977609992027283
10.945369219914117,"9,16,4,8,10,18;2,15,1,6;7,14,17,11,5;3,13,0,12,19",4,0.11977609992027283
10.941925307019586,"14,0,12,3,11,7,16,17,9;15,10,19,18,13,8;6,4,5,2;1",4,0.11977609992027283
8.60064621240374,"5,0,10,9,8,18,15;4,16,12,17;13,2,3,7,1;6,11,19,14",4,0.11977609992027283
6.70356177549791,"14,8,9,15,10,12,1;4,5,16,6,3,13,0,2;7,17,19,11,18",3,0.11977609992027283
8.877633948861398,"15,3,0,7,8,11,19,18,13;14,1,10,17,5;12,16,4,9,2,6",3,0.11977609992027283
8.776887221359836,"8,12,6,1,2,5,7;3,15,4,11,16;13,14,17,9,0;19,18,10",4,0.11977609992027283
8.908952713234097,"0,8,2,4,7;1,10,5,11,6,18,13;9,16,17,3,19,12;15,14",4,0.11977609992027283
7.716215651361726,"15,14,4,11,16,5,3;9,2,6,8,7;13,19,18,12;1,17,0,10",4,0.11977609992027283
8.475094852187489,"19,16,12,10,2,3;4,17,13,15,1,7,11,0;9,6,18,8,5,14",3,0.11977609992027283
9.638944244568307,"19,3,5,9,17,13;14,15,4,6,0,7,8,1;11,16,18,10;2,12",4,0.11977609992027283
9.237935043551689,"2,11,10,7,16,13;6,8,14,17;4,19,12,15,9;5,3,0,1,18",4,0.11977609992027283
9.346727046277794,"16,3,4,11,10,18;9,0,13,19,15,7,12,17;2,1,14,5,8,6",3,0.11977609992027283
7.539497273838301,"15,13,12,3,6,10,9;0,16,19,11,8,2,5,18;4,1,7,14;17",4,0.11977609992027283
6.6993633380693085,"0,5,10,15,4,8;16,7,12,1,14,17;9,3,2,18,13,11,19,6",3,0.11977609992027283
13.103621183231061,"8,7,19,3,11,12,16;14,0,4,17;10,18,5,15;6,2,9;1,13",5,0.11977609992027283
10.06272272004337,"0,7,8,19,1,2,5;4,17,15,6,10,13;9,3,11;12,18,16;14",5,0.11977609992027283
9.978939142388445,"5,2,9,12,13,18;6,10,3,16,15,0;19,11,14,17,4,7;8,1",4,0.11977609992027283
7.022709905575406,"1,3,14,13,18,15,16;2,5,6,9;11,10,12,7,8,0;19,4,17",4,0.11977609992027283
5.805829717697079,"19,3,16,0,5,4,1;8,2,18,6,14,7,9,11,15;17,10,13,12",3,0.11977609992027283
7.618657372156985,"2,10,7,3,0,12,9,8;1,4,5,13,11;15,17,18,6,19;14,16",4,0.11977609992027283
5.285395125073387,"3,6,16,18,12,2,0,7;17,5,11,14,4,1,10;8,9,19,15,13",3,0.11977609992027283
7.9737634628489635,"16,12,4,3,10,13;1,19,15,7,17,2,0;11,18,9,5;8,6,14",4,0.11977609992027283
7.897845768666816,"3,14,11,16,13,5;9,7,0,4,10;15,12,2,8,18,19;6,17,1",4,0.11977609992027283
10.010253517023779,"6,16,8,0,11,17,2,15,13;3,12,19,18,4,10;5,1,9,7;14",4,0.11977609992027283
9.043790381146813,"2,5,19,9,18,6,15,17;1,14,11,0,12;3,16,8,7,13,10;4",4,0.11977609992027283
9.258536629349148,"17,15,4,12,1,13,9,6,16;2,3,11,10,7,0;8,18,5;14,19",4,0.11977609992027283
8.767978409941069,"9,4,17,5,19;10,2,13,0,18,1,16;11,8,15,12,7,14;3,6",4,0.11977609992027283
8.180575086045646,"17,3,4,10,19,1,0,18;16,2,11,5,9;14,12,8,13,6,7,15",3,0.11977609992027283
8.176088184180028,"2,6,12,8,7,15,10,9,13,11;17,1,3,19,5,18,4;0,14,16",3,0.11977609992027283
7.114963182613592,"10,7,17,4,3,5;9,0,6,1;11,14,19,13,15;8,2,12,16;18",5,0.11977609992027283
6.6427295575602505,"11,3,4,8,18;12,7,13,1,9,17;6,5,0,16,14,19;15,10,2",4,0.11977609992027283
6.526484219519415,"4,10,9,3,8,1,6,0;5,18,15,17,14,11,16;13,12,7,19,2",3,0.11977609992027283
7.078841666304522,"9,15,2,18,3;5,0,6,4,11,16,13;14,10,8,19,1;7,12,17",4,0.11977609992027283
7.546704671276442,"8,3,10,13,1,16,12;14,0,2,19,11,5,7;17,4,6,15,18,9",3,0.11977609992027283
10.871213749469428,"2,12,4,7,0,1,11;19,18,16,8,3,5;10,6,17,15,13;14,9",4,0.11977609992027283
9.04548618320759,"4,17,19,5,9,1;12,10,0,7,18;15,13,8,6,3;14,2,16,11",4,0.11977609992027283
9.616964784287175,"13,12,9,7,6,19,3;10,5,11,18,15,8,1;2,14,4,16;17,0",4,0.11977609992027283
7.339321546287438,"11,7,2,14,15;3,19,13,17,12,8;6,4,16,9,1,0,5,18;10",4,0.11977609992027283
9.420352139251776,"8,11,18,13,19,3;0,2,9,5,12,15,14;17,6,10,4,7,1;16",4,0.11977609992027283
10.909140166849607,"18,14,19,4,1;9,0,7,8,17;11,3,13,16,12;15,2,6,10,5",4,0.11977609992027283
5.128158669530231,"1,3,9,6,4,10,5;2,12,0,16,19,7;15,13,17,18,14,8;11",4,0.11977609992027283
8.17290202716849,"15,0,10,19,17,14,4;5,11,9,16,12,2,3,6,18;8,13,7,1",3,0.11977609992027283
9.09175473498238,"2,7,1,9,3,19,16,6;18,12,10,15,5,0,17;14,13,8,4;11",4,0.11977609992027283
6.997595954150558,"14,5,19,10,12,3,8;13,17,16,9,2,0,4,6,11;1,15,7,18",3,0.1186276376247406
8.08074206807998,"7,1,14,8,10;5,11,13,2,0;9,3,18,15,19,4;12,6,17,16",4,0.1186276376247406
9.307010386594264,"6,3,16,19,1,2;12,17,13,7,15,10,14,11;4,8,9,5,18;0",4,0.1186276376247406
9.773976314532609,"19,8,7,9,11,5,15,2,16,6;4,10,3,18,1,17;0,13,12;14",4,0.1186276376247406
9.483246606803322,"6,15,0,1,16,13;2,9,8,5,19,10;7,4,3,17,18,11;14,12",4,0.1186276376247406
7.689731655808069,"8,3,12,7,13,15,5;11,10,9,18,17,6,19;4,14,2,0,16;1",4,0.1186276376247406
10.193883982798791,"17,19,7,0,11,5,8;6,13,18,2;15,3,14,16,9;4,1,12,10",4,0.1186276376247406
8.149972183421761,"2,13,11,10,9,6,3,1;15,8,17,14,5,18;16,4,7,19,12,0",3,0.1186276376247406
6.637055246891894,"17,19,8,15,4,18;11,12,10,1,6;5,2,7,9,3,13;0,16,14",4,0.1186276376247406
7.175017873382999,"16,19,17,8,5,3,7,9;4,11,14,6,12,13;10,18,2,15,0,1",3,0.1186276376247406
6.628946213661853,"7,4,12,10,19,8,2,6;9,1,16,11,15;14,17,18,13,5,3,0",3,0.1186276376247406
9.64206979220451,"1,7,9,14,19,0;15,16,6,18,8;17,5,4,2,11,10;3,13,12",4,0.1186276376247406
8.636688650388606,"14,1,6,19,3,13;8,5,2,0,4;12,9,10,18,7,16;11,15,17",4,0.1186276376247406
8.994794382222446,"0,16,4,17,3,2,8;12,6,15,10,7,13,1;11,5,18,19;14,9",4,0.1186276376247406
9.645728428473642,"15,14,8,6,7,2,19;3,9,11,13,0;10,12,18,4,5,17;16,1",4,0.1186276376247406
9.161952193945023,"15,7,13,12,6,5;4,3,0,2,1;9,8,11,10,18,16;14,19,17",4,0.1186276376247406
8.17857476516951,"18,11,6,9,1;12,17,13,4,14;15,10,19,5,8,16;3,0,7,2",4,0.1186276376247406
9.238622692054259,"4,16,9,18,15,1,3;8,6,7,11,14,17;10,13,19,0,2,5;12",4,0.1186276376247406
8.175726564933294,"16,18,4,6,1,5,13,9,10,17,3;14,15,0,12,8;11,2,19,7",3,0.1186276376247406
8.558613769673547,"0,12,6,3,18,11,7;16,19,1,17,13;4,8,5,9;15,14,10,2",4,0.1186276376247406
8.658385367908226,"14,1,11,12,9;8,10,18,16;3,4,17,6,15;7,19,5,0;2,13",5,0.1186276376247406
8.637170635958602,"18,12,2,13,15,16,19,5;7,11,4,1,8;3,0,6,17,9;14,10",4,0.1186276376247406
7.373554912942635,"18,9,1,6,11,3,12,17,2;8,16,7,14,13;5,4,15,10,19;0",4,0.1186276376247406
9.836366767134793,"15,12,4,0,14,17,1;2,9,10,3,5;11,8,18,6,7;19,13,16",4,0.1186276376247406
7.924657131574228,"14,0,3,5,17,10,7,1;16,11,19,9,8;6,13,18,15,4,12;2",4,0.1186276376247406
8.441592013813791,"19,17,3,0,15,11;12,14,5,13,18,1,7;16,8,2,9,10;6,4",4,0.1186276376247406
11.801384959237968,"1,14,0,13,8,4,15,16,10;2,5,6,18;9,17,7,11,3;19,12",4,0.1186276376247406
9.87320400500768,"17,9,15,14,13,3,6;2,10,8,4,7,18;11,5,0,19,12;16,1",4,0.1186276376247406
7.964228256095087,"1,7,2,11,0,13;6,4,10,14,19;15,16,9,8,18,3;12,17,5",4,0.1186276376247406
7.806795746127907,"1,8,6,15,4,7;11,0,17,3,19;18,16,2,13,9;10,5,12,14",4,0.1186276376247406
8.9680375655025,"4,9,12,16,10,1,14,5,3;13,7,2,18,17;6,19,11,15,0;8",4,0.1186276376247406
10.517692264392265,"6,8,15,9,3,10;5,11,13,12,18;0,19,7,2,14;4,17,16,1",4,0.1186276376247406
8.914601833351702,"4,2,11,0,15,18,8;19,7,13,9,6;10,5,12,3,14,1;17,16",4,0.1186276376247406
10.8616035986993,"10,5,3,16;1,15,13,18,6;11,2,0,17;9,4,7,8,19,12;14",5,0.1186276376247406
9.770838700950552,"1,18,11,12,9,17,19;2,14,8,4,6,16;5,3,10,15,13,7;0",4,0.1186276376247406
7.386031545593953,"15,5,4,7,14,0,18;10,16,8,2,13,17;3,9,6,19;1,12,11",4,0.1186276376247406
10.779632550622516,"3,4,8,2,11,14,12;16,13,5,6,19,15;17,7,1,10;18,0,9",4,0.1186276376247406
11.106149120062131,"1,4,9,10,0,3,17;13,11,8,2,15;14,7,12,6,16;19,5,18",4,0.1186276376247406
9.893838842877637,"8,6,2,1,19;12,3,9,11,4,18,0;15,5,7,16;10,14,17,13",4,0.1186276376247406
5.312331939506018,"2,3,14,5,4;0,1,19,7,17;16,12,11,15,6,18;10,9,8,13",4,0.1186276376247406
10.952965849067134,"18,1,2,14,15,17,5,6,7;8,9,11,3,0;12,4,10;19,13,16",4,0.1186276376247406
10.690760644051881,"17,15,10,2,1;9,5,0,16,18,7,8,3,14;11,6,4,13,12;19",4,0.1186276376247406
13.06249585926381,"13,9,10,4;14,12,18,17,6,11,2;16,0,8,7,5,15;3,1,19",4,0.1186276376247406
9.62133268317799,"7,9,18,19,16;0,10,15,8,17,3,12;14,13,6,1,2;4,11,5",4,0.1186276376247406
9.056171084077333,"18,14,8,3,5;16,9,11,0,1;12,17,6,13,2;7,4,10,19;15",5,0.1186276376247406
6.486038160679319,"4,8,6,7,11,1,5,14;0,17,15,19,18,10,13,3;16,9,2,12",3,0.1186276376247406
10.126388337630045,"3,16,19,12,11,14;13,5,7,6,10;17,2,9,8,4;0,1,15,18",4,0.1186276376247406
9.234333132516864,"10,18,15,6,2,9,1;8,11,4,13;14,5,17,7,3,16,12;0,19",4,0.1186276376247406
10.504765739088295,"0,5,2,6,4,3,1,14;18,9,12,11,15,10,13;8,16,7,17,19",3,0.1186276376247406
6.916242225150178,"4,7,2,17,1,8,11;3,14,15,9,10;16,5,18,6,12,19;13,0",4,0.1186276376247406
9.994486917117024,"4,14,7,6,3,8,2,11;1,5,13,18,15;17,12,9,10;19,0,16",4,0.1186276376247406
10.424142347619958,"19,13,2,1,17,10,3,6;12,11,14,8,7,18;16,5,9,4;0,15",4,0.1186276376247406
10.097512862862258,"5,3,9,15,7;2,12,6,13,11,1;18,14,17,0,4,19;10,16,8",4,0.1186276376247406
9.533583568624193,"12,4,9,3,8,13,16;11,14,15,10,18;5,7,0,19,17;6,2,1",4,0.1186276376247406
7.389651906795617,"8,14,3,10,2,6,13,5;15,18,7,17,11,4;0,19,16,12;1,9",4,0.1186276376247406
8.432060422641984,"16,8,17,12,7,3;13,10,4,14,15,11,1;2,5,19,0,18;9,6",4,0.1186276376247406
9.528527756401635,"15,16,7,6,14,18,13,9,17;11,4,2,5,3,19;8,0,1,10,12",3,0.1186276376247406
8.227672475756306,"4,18,3,6,12,13,14;1,0,11,19,2,7;17,9,8,10;15,5,16",4,0.1186276376247406
9.935237344312704,"17,5,19,15,9,14,2,12;4,13,18,7,8,11;3,6,10,0,16,1",3,0.1186276376247406
9.870949847148081,"18,1,8,4,6;5,12,9,2,10;0,3,16,17,15;7,19,14,11,13",4,0.1186276376247406
9.057763267958535,"16,8,12,15,5,11,19,1,10;2,17,13,6,9,7;4,14,3,0,18",3,0.1186276376247406
11.766072115221471,"6,16,19,5,1,14;8,4,10,12,2,9,7;0,3,11,18,17,13;15",4,0.1186276376247406
5.9684061978931355,"4,5,17,11,19;1,14,15,10,7,2;8,16,9,0,6,3;12,18,13",4,0.1186276376247406
9.684253078036038,"10,18,12,11,15,16;2,13,17,19,0,6;7,3,14,5;8,4,1,9",4,0.1186276376247406
7.728078634001701,"15,19,5,17,11,6,16,1;0,14,7,10,4,9,8;13,18,3,12,2",3,0.1186431348323822
11.032546121974201,"17,18,6,19,8,3,4,13;0,16,7,15;14,1,10,9;5,11,12,2",4,0.1186431348323822
8.070888239128417,"8,15,2,10,14,4;12,7,6,5,1,19,16,11,9,18;3,0,13,17",3,0.1186431348323822
9.671883145965648,"19,8,6,11,3,10,0,5,7;17,14,12,16;4,1,18,2,13;15,9",4,0.1186431348323822
9.814746996829815,"19,6,16,11,7;5,8,9,1,10,13;17,12,14,0,3;4,2,15,18",4,0.1186431348323822
8.939906874188585,"15,17,10,9,4,8,1,14;0,13,19,3,18,11,6;2,7,16,12,5",3,0.1186431348323822
10.737169487845556,"9,8,5,18,3,13;1,17,2,4;12,16,14,7,10,11;0,6,19,15",4,0.1186431348323822
7.523942558611329,"18,3,0,6,12,19,13,15,14;10,4,1,2;9,11,7,16,8;5,17",4,0.1186431348323822
8.353073124079824,"0,5,9,15,7,16,3,11;8,19,17,6,14;4,10,12,18,2,1;13",4,0.1186431348323822
9.100730408830348,"14,13,2,15,1,16;19,5,10,11,7,6;4,12,8,9;18,0,3,17",4,0.1186431348323822
7.7178815404283565,"11,8,3,12,14,2,10;7,15,4,1,6;9,18,5,13,16,19;17,0",4,0.1186431348323822
11.004653011799553,"10,9,1,13,0,6,4;19,8,5,11,14,2;7,12,3,16,15;17,18",4,0.1186431348323822
10.578224755633913,"12,1,8,5,18,9,13,7,19,11,4,0;2,6,15,10;17,16,3,14",3,0.1186431348323822
7.340335234957303,"19,16,14,2,15,0;5,4,9,1,7,12;11,17,10,3,18,8;13,6",4,0.1186431348323822
8.71501986524232,"6,10,11,3,13,9,14;5,4,12,17,0,2;18,7,8,1,19,16;15",4,0.1186431348323822
9.494553602351997,"5,9,15,6,1,4,0,2;14,3,11,17,7;19,10,8,13;12,18,16",4,0.1186431348323822
11.042900806718754,"15,9,13,5,4,11;12,19,14,1,0,7,16;8,10,3,2;18,6,17",4,0.1186431348323822
8.128907885567369,"12,19,4,7,13,17;1,3,5,15,18,0;8,9,2,10,14,11;6,16",4,0.1186431348323822
9.330899241432332,"15,6,0,3,11;17,8,16,2,10,12,14;4,18,5,13,19;1,7,9",4,0.1186431348323822
11.136233713546327,"12,6,7,9,3,0,4,19,2;10,1,18,5,11;17,15,14,16;13,8",4,0.1186431348323822
7.161506583841263,"8,17,10,4,7;3,9,1,6,14;5,11,2,19;0,12,18,13,16,15",4,0.1186431348323822
8.959061733696528,"3,19,17,7,1,6,11;2,18,5,12,0,9,13;8,4,16,10,15;14",4,0.1186431348323822
9.230475183596498,"15,19,5,8,0,3;6,9,10,18,12,11;2,4,7,16;17,1,14,13",4,0.1186431348323822
12.462408391155375,"19,12,8,7,17,2,13;15,11,0,5,16;3,10,4,18;9,6,1,14",4,0.1186431348323822
10.29607494142823,"0,12,8,16,11,14,10;5,15,3,4,6,17;19,9,1,7,13,18;2",4,0.1186431348323822
6.503021280214875,"14,4,18,16,5,9,15;6,13,17,1,0,8,3,7;12,10,2,11,19",3,0.1186431348323822
9.115291756285627,"10,13,0,2,1,5;11,16,7,15,8,3;18,4,19,12,9;14,17,6",4,0.1186431348323822
7.877298716290452,"6,16,3,2,14,19,18,11;4,13,15,5,9,8;7,10,1,17,0;12",4,0.1186431348323822
9.259485509442765,"10,7,15,3,9,2;19,5,14,8,1,18;17,4,6,0;11,16,13,12",4,0.1186431348323822
12.445945558884304,"4,12,6,13,2,19,5;18,0,3,14,10,7;1,15,17,16;8,9,11",4,0.1186431348323822
13.024588515903355,"5,16,2,18,4,17,8;11,14,9,7,12;1,3,10,19,15;13,0,6",4,0.1186431348323822
10.19919555738628,"16,4,1,17,7,19,5,13;12,3,6,8,9;2,10,14,0,11;15,18",4,0.1186431348323822
7.554330520310883,"3,8,14,16,11,1;13,4,15,2,0,6,5;10,17,18,9;19,7,12",4,0.1186431348323822
11.85494697314504,"1,9,18,3,11;2,16,5,0,19,15;7,12,6,13,14;8,10,17,4",4,0.1186431348323822
8.104013757742523,"12,9,4,17,5,8;11,1,14,7,13,10;0,19,3,18,15;6,16,2",4,0.1186431348323822
6.917607876428231,"4,2,9,7,19,11,10,5,13,3;18,15,12,6,8,1;16,17,0,14",3,0.1186431348323822
10.556155750834728,"10,4,19,14,9;11,16,1,2,6,8,15,18;12,13,7,0,3,5;17",4,0.1186431348323822
10.077079880749165,"3,4,6,8,18,11,5;1,12,2,9,10,17,13,16;19,15,7,14;0",4,0.1186431348323822
7.363671367362121,"5,18,4,12,8,11;10,17,19,15,13,2,16;6,0,9,3,1,14;7",4,0.1186431348323822
10.540495835168613,"16,1,7,5,13,6,8;3,18,14,19,0,15,2;11,9,4,17,10;12",4,0.1186431348323822
7.843607999866212,"15,17,10,16,7,9,18,14,5;13,0,3,19,11;4,8,6,1;12,2",4,0.1186431348323822
9.528807291826642,"14,18,12,8,3,13,9,10;1,15,2,17;0,11,6,5,4,16;7,19",4,0.1186431348323822
11.27748846685483,"14,7,17,3,2,10;1,13,8,4,16;18,15,11,5,19;9,0,6,12",4,0.1186431348323822
7.575844531914052,"11,18,5,6,3;8,10,9,2,15,12,4,19;14,16,17,0;1,7,13",4,0.1186431348323822
8.87972168028513,"3,1,12,9,5,11;19,6,17,10,2,4,14,7;16,0,13,8,15,18",3,0.1186431348323822
8.25646626643815,"18,15,7,6,13,11,4,12;3,1,14,16,17,8,19;0,5,10,9;2",4,0.1186431348323822
8.614875003657788,"11,18,3,2,14,0,15,19;6,1,16,5,9,4;13,8,7,17,12;10",4,0.1186431348323822
6.415771838339664,"9,1,4,11,8,7,13;3,10,5,0,19,15,16;14,6,18,2,12,17",3,0.1186431348323822
11.12295437932857,"6,15,7,3,8,5;4,19,9,14,2,0;18,16,11,13,12,10,17;1",4,0.1186431348323822
8.52832436167153,"1,15,4,7,17,19,12;9,8,0,11,3,14,5;10,6,16;18,13,2",4,0.1186431348323822
10.679437949787268,"2,17,16,10,19,13,6,14,4;8,0,12,3,15;5,9,18,7,1;11",4,0.1186431348323822
8.91571308787731,"11,12,5,14,10,6,9;7,15,3,0,19;8,4,16,13,17,2;1,18",4,0.1186431348323822
6.980718913255044,"17,11,14,4,9;1,5,8,3,16,18,19,10;0,13,12,6,7,15,2",3,0.1186431348323822
9.149597327476432,"19,1,6,11,9,5,10,15;2,7,16,0,14;17,4,8,3;12,18,13",4,0.1186431348323822
9.150392073784422,"12,15,14,6,10,13;9,16,7,18;3,1,19,4,5,0;8,17,11,2",4,0.1186431348323822
7.45385474045132,"8,1,12,10,19,7;13,15,0,16,9;4,5,6,3,17,18;11,14,2",4,0.1186431348323822
8.428401029767803,"19,10,8,17,16,6,0,13,18;1,11,7,3,5,14;15,4,9,12,2",3,0.1186431348323822
9.673735613339874,"1,13,0,19,10,16,3,17;12,18,4,11,5,8,9,6;2,14,7;15",4,0.1186431348323822
10.647557541525885,"13,15,18,2,7,10,0;11,3,6,12,1;9,5,4,16,17;19,8,14",4,0.1186431348323822
11.220352099502346,"2,12,7,11,3,18,16,15,0;10,9,1,8,6,19,5;13,4,14,17",3,0.1186431348323822
7.230038602932615,"18,14,9,5,15,8,6,12;4,2,0,7,3,10,13;11,16,19,17,1",3,0.1186431348323822
6.668329258597557,"15,9,12,0,14,8;4,2,18,13,3;17,19,7,16,6,5,11;1,10",4,0.1186431348323822
12.13059627443981,"17,8,3,13,9,19,1,14;7,4,5,0,6;16,12,2,11;10,15,18",4,0.1186431348323822
7.193415521017338,"17,4,12,5,3,18;2,7,14,9,6,1,19,15,8,16;11,0,10,13",3,0.1186431348323822
9.002482319827882,"4,14,3,9,13,8;19,18,12,1,10;6,16,2,15,11,5;0,7,17",4,0.1152055487036705
8.521381349976922,"2,18,15,11,5,19;16,12,9,8,4,10,6;17,3,14,7,0;1,13",4,0.1152055487036705
9.34168969778539,"15,11,7,3,13,6,19,10;4,17,16,12,0;8,14,9,5,18,1;2",4,0.1152055487036705
11.55969814804996,"16,13,0,7,6,8,3;5,19,2,11,4,10;14,17,15,9,12;1,18",4,0.1152055487036705
10.25343715748403,"18,11,9,6,14,17;5,0,7,3,16,15;12,13,2,4,19,8;1,10",4,0.1152055487036705
8.725403630909517,"16,8,2,6,1,15,4;3,9,5,7,18;13,10,11,0,19;12,14,17",4,0.1152055487036705
10.775334954863146,"8,2,13,4,7,6,5,11;19,14,0,10,3,12,15;9,16,1,18;17",4,0.1152055487036705
7.8954250419036365,"13,16,11,7,10,14,0,5;8,15,12,4,9,1;17,19,3,6,18,2",3,0.1152055487036705
8.352348137001739,"3,19,17,2,18,13,0,6;9,11,8,4,5,7,12,14;15,10,16,1",3,0.1152055487036705
8.564088297731766,"0,11,18,14,10,9;4,7,5,19,15,1,17;12,3,8,6,16,13;2",4,0.1152055487036705
7.677947151279973,"14,6,16,0,9,10,5;3,18,15,19,8,4;1,17,13,7,12;2,11",4,0.1152055487036705
6.671556409288825,"8,13,12,11,10,18;6,7,16,4,3,14;17,9,19,5,0;15,1,2",4,0.1152055487036705
5.671551704696596,"9,18,6,4,15,1,2,14;13,17,16,10,12,11;19,5,3,7,0,8",3,0.1152055487036705
7.704357614791764,"1,18,4,14,7,9;3,16,5,2,15;6,17,8,13;0,11,12,10;19",5,0.1152055487036705
10.009312938680301,"3,9,7,14,18,0,19,6;8,1,5,11,16,12,4,17;13,15,10;2",4,0.1152055487036705
11.422262465277372,"15,19,0,7,3,5,1,17;4,13,16,6,11;2,9,12,8,14;18,10",4,0.1152055487036705
8.29858552476938,"17,16,5,4,13,11,3;2,14,15,1,9,18;7,12,10,8,6,19;0",4,0.1152055487036705
11.539673530160853,"5,12,7,6,11,9,8;13,10,19,18,14,15,17,0,1;3,4,16;2",4,0.1152055487036705
9.09794017640433,"2,12,9,5,0,1,4;18,17,14,15,16,3,10,6;11,8,7,13;19",4,0.1152055487036705
8.111001828875564,"5,4,18,10,6,12,1;11,3,2,15,0,13,9,8;7,16,19,14,17",3,0.1152055487036705
8.92791188122085,"12,6,1,3,2,14,11;18,15,13,8,0,9,10,17;19,7,5,16,4",3,0.1152055487036705
7.322140495383861,"5,7,10,14,12,6;9,16,3,2,13,11;8,0,15,18,1,17;4,19",4,0.1152055487036705
8.689404218840838,"19,4,5,9,3,10,2,12;0,6,8,18,14,13;7,11,15,17,16,1",3,0.1152055487036705
11.078521502800687,"18,13,8,7,17,15,3,4;14,0,10,12,6;19,1,9,11,16;5,2",4,0.1152055487036705
11.91080308744558,"6,19,4,3,14;2,17,11,0,1,15,13;8,12,18,9;5,7,16,10",4,0.1152055487036705
8.566420935514461,"13,17,16,1,18,2,12,10,11;8,5,6,3,14,0,7;19,9,4,15",3,0.1152055487036705
8.397819069124113,"6,10,7,0,4,8,16;17,9,1,19,13;2,14,5,12,11,15;3,18",4,0.1152055487036705
7.941652972510688,"0,9,3,5,10,11;7,15,4,14,8;19,1,17,16,6,18,13;2,12",4,0.1152055487036705
9.045146871439933,"6,7,16,13,0,8;1,11,10,15,17,4,9,3;5,14,2,19,12;18",4,0.1152055487036705
6.069106011528946,"15,5,2,7,18,4;0,13,14,1,3,16,9;8,10,11,6;12,19,17",4,0.1152055487036705
9.024963285124619,"13,8,4,2,10,3,15,7;6,17,0,19,5,9,1;11,12,14,18,16",3,0.1152055487036705
11.607649090235704,"7,14,17,6,18,10;3,2,0,12,13,8,4;19,5,11,1;9,15,16",4,0.1152055487036705
8.193828128202696,"13,10,16,5,3,14,11;2,19,17,12,9;15,0,4,8,1,6;18,7",4,0.1152055487036705
7.468051864058789,"10,0,8,15,19;4,5,11,2;12,9,6,7,16,3;14,13,17,1,18",4,0.1152055487036705
9.502971933255877,"8,17,1,0,12,14,10;13,18,4,2,5,15;9,16,7,3,11;6,19",4,0.1152055487036705
7.680869147260308,"17,0,11,8,19,1,9,10,18,14,4;3,5,7,6,2;16,15,12,13",3,0.1152055487036705
10.110811710864498,"16,2,0,3,9,12,8,7;5,1,18,15,10,6;14,13,4,17,19;11",4,0.1152055487036705
11.688197953486668,"14,7,9,18,5;8,13,17,11,4,1,19,10;0,2,3,12;6,16,15",4,0.1152055487036705
8.286053764033047,"16,9,17,2,19,13;5,1,14,4,7,12;6,15,3,8;18,10,11,0",4,0.1152055487036705
10.503291740338263,"19,9,16,10,3,0,12;5,1,15,13;8,11,7,4,6;2,18,17,14",4,0.1152055487036705
10.241473673213683,"16,12,14,7,18,0,19,4;6,8,15,3;5,1,9,13,10,2,11;17",4,0.1152055487036705
7.011722940412934,"13,3,19,11;4,10,15,14,16,8,9;1,12,17,2,5,6;7,0,18",4,0.1152055487036705
10.650587663892523,"10,12,8,1,13,4,9,7;17,18,3,6,15;2,16,0,11,5;14,19",4,0.1152055487036705
9.876113626782681,"4,14,6,3,10,5,1,2;7,18,8,17,13,11,16,15,19;0,9,12",3,0.1152055487036705
9.711743363589266,"16,0,6,3,7,1,12,14;9,11,19,8,2,10,17,13;18,4,5,15",3,0.1152055487036705
7.137028104815882,"6,8,10,19,13,5,14,7;12,11,1,9,3;17,0,4,16;18,2,15",4,0.1152055487036705
8.417099647459976,"6,16,4,7,2;19,17,13,18,8,11;12,5,3,10,1,9;15,14,0",4,0.1152055487036705
7.077433640838394,"6,4,7,5,16,13,15,1,8,17;3,19,10,0,12,9;11,2,14,18",3,0.1152055487036705
10.072492375630272,"1,6,8,14,5,19,0,12;18,16,15,11,4,10,7,9;17,3,13,2",3,0.1152055487036705
9.428176939596433,"17,14,7,16,12,11,13;10,0,8,5,1,15,9,2;18,3,6,4;19",4,0.1152055487036705
9.033232135570836,"0,10,16,12,3,18,14;1,17,5,15,11,7;8,13,9,4,19;6,2",4,0.1152055487036705
6.937178556595357,"14,3,19,15,11,0,2,7,12;13,5,9,1,8,16;18,17,10,4,6",3,0.1152055487036705
9.701700664920256,"17,5,10,3,8,18,0,12;19,9,16,6,11;4,1,13,7;2,14,15",4,0.1152055487036705
7.591941847971083,"9,0,7,11,2,8,6,12;4,10,16,18,5;15,14,17,19;13,3,1",4,0.1152055487036705
8.917667398963676,"6,8,11,5;13,14,4,17,2,12,3;1,15,16,19,10,9;0,7,18",4,0.1152055487036705
8.440408255322788,"2,13,7,10,8,12;9,17,4,1,11;18,6,3,14,15;0,5,16,19",4,0.1152055487036705
10.376605706757893,"9,7,11,6,4,19,0,8,16;10,1,2,14,17,5,18;12,3,13,15",3,0.1152055487036705
11.440280887483343,"13,1,4,8,6,7,11,16;19,2,18,17,9;5,12,14,0;3,10,15",4,0.1152055487036705
8.975477311349326,"10,1,11,9,13,3;8,19,17,6,0,2,18;7,15,4,5,12;16,14",4,0.1152055487036705
9.650794006173772,"4,7,16,0;18,2,8,14,12,3,19;17,11,5,6;9,10,15,1;13",5,0.1152055487036705
9.574099623374892,"15,18,13,0,2;10,3,17,12,8,7;4,11,16,5,9,6,19;14,1",4,0.1152055487036705
10.560900725498893,"17,6,12,10,14,4,15,9,11,13;8,18,3,1,7,0,5;16,2,19",3,0.1152055487036705
8.239899807973341,"14,12,11,9,17,6,8,19;3,13,7,18,5,4;16,1,0,2,15;10",4,0.1152055487036705
6.108413622758815,"11,3,6,4,10,15;17,16,13,18,1,0;9,14,12,5,8,7,19;2",4,0.1152055487036705
10.479076908369922,"5,7,16,18,12,0,6,3;15,13,14,19;4,10,1,17,11,8;9,2",4,0.11971379816532135
7.882778299787579,"16,9,15,18,0,3,13;6,10,1,12,8,5,11,4,7,17;2,19,14",3,0.11971379816532135
8.188067847442966,"15,4,16,11,10,12;14,1,0,2,13,5,17;6,9,19,3;18,8,7",4,0.11971379816532135
9.214365838103701,"12,1,4,17,6,11,18;19,0,7,9,3,14,16;2,8,10,5,13,15",3,0.11971379816532135
7.832373454979693,"12,1,16,13,8,18;10,3,11,9,5,14,2;4,7,6,19,15;0,17",4,0.11971379816532135
11.30882095642002,"1,16,12,14;13,4,0,8,5,15,18,2;9,7,6,19;3,10,17;11",5,0.11971379816532135
7.920949506432029,"6,10,1,17,0,13;12,5,8,18,3,4;19,11,16,7,9,2,15;14",4,0.11971379816532135
8.457489567258413,"13,14,9,6,8,3,15,0;4,16,19,18;7,10,5,11;2,1,17,12",4,0.11971379816532135
7.8991782372567085,"5,17,11,6,16,15,7;14,19,0,3,10;9,1,13,2,12;8,18,4",4,0.11971379816532135
8.229900290943267,"4,0,19,2,17,10,5;11,13,8,6,16,9,7;15,3,1,18,14;12",4,0.11971379816532135
8.93429640254916,"8,0,3,6,1,15;7,10,2,5,12;14,16,11,9,4,19;13,18,17",4,0.11971379816532135
12.91286740407029,"0,7,17,5,12,2,8;11,14,15,19,1,3,16;6,9,10,4,18;13",4,0.11971379816532135
8.602172776183002,"5,7,10,16,6,15,18;1,13,4,19,12;3,14,2,17;9,8,11,0",4,0.11971379816532135
6.288961231466237,"16,11,9,13,14,8,17,0,15,7;5,19,18,3,4;10,1,6,2,12",3,0.11971379816532135
9.520962231127665,"18,14,5,17,9,0,3;4,15,10,7,19,11;6,2,8,16,12,1;13",4,0.11971379816532135
8.658699638758211,"0,6,4,7,2,16,15;18,8,12,5,14;11,17,13,19;10,9,1,3",4,0.11971379816532135
9.590651116753842,"2,8,17,11,7,18,9,12;6,19,13,14,0;10,4,5,3,15,1,16",3,0.11971379816532135
8.248400032731054,"1,4,9,8,16,11,12,3;6,7,5,13,10,15;14,2,0,19,17,18",3,0.11971379816532135
8.051398427086083,"1,12,17,16,5,0,10;4,2,7,8,15;18,11,14,6,3;19,9,13",4,0.11971379816532135
12.129353645301537,"8,13,1,14,9,10,17,12,6,3;2,11,0,5,4;16,18,7,19;15",4,0.11971379816532135
5.708269650668402,"0,6,5,8,9,14;18,15,13,11,2,3;4,16,10,7;17,12,19,1",4,0.11971379816532135
10.83829807916042,"13,16,14,9,11,4,8,18,17;12,10,2,5,7;15,6,3,19;0,1",4,0.11971379816532135
5.9236769319688225,"9,10,5,11,15;16,12,0,4,6,7,1,13;8,3,17,18;14,2,19",4,0.11971379816532135
9.252443381300662,"19,13,2,6,14,17,4,12;1,18,7,8,9;10,5,3,16,11;0,15",4,0.11971379816532135
10.083814856214781,"17,9,3,16,13,19,15,10;8,14,6,7,11,2,4;1,12,18,5,0",3,0.11971379816532135
9.527669866442121,"12,2,3,16,17,6,8,0;19,13,15,9,1,5,18,14;11,7,4,10",3,0.11971379816532135
7.745214854014093,"12,9,10,14,2,0,18;11,1,4,7;16,13,8,19,6;15,3,17,5",4,0.11971379816532135
9.126568394112972,"3,9,5,13,15,16,18;12,4,19,1,11,7;6,2,10,0,17;8,14",4,0.11971379816532135
8.524855620942258,"19,17,12,13,6;11,14,8,2,9,18;7,15,1,5,3,16,10,0;4",4,0.11971379816532135
9.240529765290486,"11,0,6,15,18,12,17,14,16;1,9,19,4,8;3,7,5,13,10;2",4,0.11971379816532135
8.28213299650268,"16,19,18,7,9,8,0;11,3,12,14,1;10,13,6,4;17,5,2,15",4,0.11971379816532135
9.460875251416278,"11,2,9,19,0,10,5,1;8,3,15,16,6,4;7,17,14,13;12,18",4,0.11971379816532135
11.376704172245393,"9,19,4,15,13,12,8,0,1;16,10,6,18,3;17,7,2,5,11;14",4,0.11971379816532135
10.28326368084251,"3,13,18,10,4,6;9,16,8,7,14,11;12,17,15,0,2,1;5,19",4,0.11971379816532135
9.578553026942615,"0,6,3,16,4,12,9;1,2,18,15,19,5;14,8,11,7,13;10,17",4,0.11971379816532135
7.74139200282689,"4,17,7,6,13,19;5,2,1,14,0;18,9,16,11,3;10,12,8,15",4,0.11971379816532135
8.883055270326539,"9,1,7,19,12,2;0,3,11,13;15,6,8,4,16;5,10,18,17,14",4,0.11971379816532135
8.23082068920009,"0,9,1,14,4,16,5,6;3,7,18,8,12,17;11,19,10,2;13,15",4,0.11971379816532135
9.735361835699553,"5,18,3,15,1,4;9,6,8,14,0,7;12,13,19,16,11,10,17;2",4,0.11971379816532135
7.200761174656203,"16,4,10,2,8,15,6;17,11,1,3,9,5;19,7,14,12,0,13;18",4,0.11971379816532135
9.406038335925032,"3,16,2,0,19,17,11;1,9,5,18,10;6,4,8,12,7,15,13;14",4,0.11971379816532135
7.891789433161589,"11,15,1,8,2,16,18,19,6,0;14,4,5,7,12,3,13;9,17,10",3,0.11971379816532135
9.186227164004817,"7,18,9,11,13,0,4;8,19,14,15,6,2;12,3,10;5,1,16,17",4,0.11971379816532135
8.387090647139962,"18,19,5,4,7,15,17,10;13,0,8,3,14,16;9,11,2,6,1;12",4,0.11971379816532135
8.762429628513223,"4,7,8,10,17;19,6,9,13,2,5,14,15,1;11,12,16,3,0;18",4,0.11971379816532135
7.681317977693999,"16,3,4,15,12,18,14;2,6,19,8,11,0;5,9,1,10;17,7,13",4,0.11971379816532135
9.753930964389628,"18,7,5,0,2,1,10;4,14,11,19,12,13,16,8;17,3,15;6,9",4,0.11971379816532135
10.765308071318461,"15,12,18,10,1,16;4,3,9,0,17,14,19;7,11,6,2;8,13,5",4,0.11971379816532135
10.269032118318188,"2,16,5,17,13,1,11;14,6,9,19,0,3;7,8,12,4,15;10,18",4,0.11971379816532135
6.535148437888349,"13,8,19,12,10,7,17;16,1,18,11,5,6;0,15,3,14,9;2,4",4,0.11971379816532135
7.687355309390546,"2,10,11,19,3;12,9,13,14,1,4;7,5,8,0,6,16;17,15,18",4,0.11971379816532135
6.536001148164164,"18,1,3,2,4,13,12,19;14,6,16,5,17,11,7,9;10,15,0,8",3,0.11971379816532135
7.491400914173914,"17,3,11,7,19,9;5,1,10,13,14,6;8,2,4,15,0,18;12,16",4,0.11971379816532135
11.759644217939847,"19,12,9,14,13,15,17;10,1,5,16,4,0;11,8,2,3,7,6;18",4,0.11971379816532135
9.608650844124812,"16,13,4,1,6;11,7,12,15,9,2;0,14,10,3,8;17,18,5,19",4,0.11971379816532135
8.742153225351792,"1,11,17,2,16,14;3,0,18,7,19,10,6;5,9,4,13,15;8,12",4,0.11971379816532135
7.922091264242425,"5,15,14,10,0,6,3,12;9,18,13,8,7,17,4,16;11,1,2,19",3,0.11971379816532135
9.808405046293675,"16,11,6,12,4,17;18,9,10,7,15;13,3,14,0;1,19,8,5,2",4,0.11971379816532135
8.795104552849468,"0,17,2,6,9,3,12,4,7;5,1,11,8,10,15;13,18,14,16,19",3,0.11971379816532135
6.9848990706618554,"19,7,9,4,10,13,0,12,8,14,16,1;5,15,11,3,6,18;17,2",3,0.11971379816532135
7.361894007220872,"9,4,19,18,5;8,14,17,0,6,13,10,3;12,2,7,15,11;16,1",4,0.11971379816532135
8.864820646484073,"13,5,8,11,2,17,10,6,3;14,16,4,1,15,19;9,7,18,0,12",3,0.11971379816532135
10.968444132932829,"2,10,18,7,17,1,19,13,9;15,16,5,6,4;14,0,3,12,11,8",3,0.11971379816532135
8.455868136635736,"19,8,17,7,2,11,12,16;5,18,1,9,13;4,3,0,10,14;6,15",4,0.11971379816532135
6.859949332522682,"18,17,19,0,5,15,4;12,9,13,6,7,11,8,1;10,2,16,3,14",3,0.1189115084707737
9.758056961546327,"13,18,4,6,11,8,15,19;16,9,5,0,10;1,17,2,7,12;3,14",4,0.1189115084707737
7.4976245663934264,"11,18,3,6,16,17,4,15;19,2,0,13,10,7,12;9,14,8,1;5",4,0.1189115084707737
11.427563708453398,"2,12,3,11,19;14,10,7,5,16,6,15;18,0,17,8;9,1,4,13",4,0.1189115084707737
7.742145532131671,"13,11,5,10,14,16,19,9;8,7,0,6,12,18;15,3,4,17,2,1",3,0.1189115084707737
8.487363180953572,"19,12,8,9,16,0;5,11,3,14,2,7;17,1,4,10,13,15;18,6",4,0.1189115084707737
8.616502742282261,"0,11,9,7,19,16,6;10,2,3,1,12,8;15,13,5,14,17;18,4",4,0.1189115084707737
11.061898893735629,"9,2,15,14,3,17,7,12;19,10,4,6,16;13,5,8,1;18,0,11",4,0.1189115084707737
9.168167710061484,"13,17,16,8,11,18,4;6,14,0,12,9,10;7,3,5,2;19,15,1",4,0.1189115084707737
7.5840580289632245,"9,5,0,12,8,11;7,14,13,19,4;16,3,6,1,18;10,2,17,15",4,0.1189115084707737
8.42891702835513,"2,5,11,9,16,10,7,3;0,19,1,6,17;8,18,4,15,12;13,14",4,0.1189115084707737
9.596331197063952,"11,18,12,7,14,13,0;4,8,5,9,15,2,17;6,10,3,1;19,16",4,0.1189115084707737
7.293450924126342,"19,1,2,5,6,10,9,4;12,3,7,0;11,18,15,17,14;16,13,8",4,0.1189115084707737
9.343724790482893,"14,10,4,19,0;18,1,16,7,11,6;8,9,17,3,12,15;2,5,13",4,0.1189115084707737
9.130814935052861,"4,19,8,3,11,2;13,5,16,10,9,7;6,12,1,17;14,15,18,0",4,0.1189115084707737
8.234237534448454,"15,12,17,19,5;4,2,16,14,0,6,8;13,7,3,10;11,9,18,1",4,0.1189115084707737
8.63195897395175,"15,11,14,18,5,16;10,1,0,4,3,2,6,7;8,19,13,12,9;17",4,0.1189115084707737
9.887029707613626,"3,7,17,14,19,12;13,5,11,2;6,16,1,4,9,18;0,10,8,15",4,0.1189115084707737
6.704378278048341,"2,13,4,5,3,18;6,17,7,11,8;19,16,1,10,15,0;9,12,14",4,0.1189115084707737
8.904718202996127,"13,11,17,5,7,15,16,8,12;4,1,10,18,19;0,9,2,3;14,6",4,0.1189115084707737
7.350650002817003,"13,16,19,14,0,15;5,3,17,12,9,7,18;6,10,8,4,2;1,11",4,0.1189115084707737
7.985829765783459,"15,17,7,13,8,11,6,9,12,19;2,1,18,5,16;14,4,3,10,0",3,0.1189115084707737
9.573200349823397,"7,2,4,19,6,9,3,18;15,16,14,0,5,8,17;11,10,12,1;13",4,0.1189115084707737
11.482947146190927,"5,18,3,14,4,9,10,19,12;1,11,17,6,16;0,2,13,7,15;8",4,0.1189115084707737
9.416613403067544,"8,6,17,7,2;15,16,12,4,5;19,14,11,9,10,1;3,18,0,13",4,0.1189115084707737
7.1697524631674066,"15,13,3,14,8,11,16;2,18,1,9,0,4;17,19,10,7;6,12,5",4,0.1189115084707737
8.65949986622444,"18,17,5,3,6;11,16,12,15,14,13;8,7,9,0,1;2,10,4,19",4,0.1189115084707737
16.344805267011115,"0,9,7,6,14,5,4;15,2,3,18,1;16,10,11;19,12,13;8,17",5,0.1189115084707737
8.985121893817366,"7,17,14,8,12,11;3,6,9,19,5,18,15,4;13,1,0,2;10,16",4,0.1189115084707737
10.32621205378836,"17,14,18,3,19,4;10,0,8,11,9;16,2,6,1,7,12,5;15,13",4,0.1189115084707737
7.238583036687029,"4,14,10,6,7,8;1,12,3,9,13,17;5,16,11,19,15;18,0,2",4,0.1189115084707737
8.914439746671873,"10,13,3,16,7;1,0,17,2;15,19,9,5;6,8,11,4,12;18,14",5,0.1189115084707737
12.741550569317676,"16,6,4,7,18,1;5,15,8,2,13,11;0,19,3,12,10;9,17,14",4,0.1189115084707737
6.247764607486152,"19,14,3,6,2,12,13,16,10,9;18,11,15,8,7;17,4,0,1,5",3,0.1189115084707737
9.236043238343353,"0,1,11,12,14,16,2,6;5,18,9,4,15;8,17,7,19,10,3;13",4,0.1189115084707737
11.495555854563417,"4,12,17,3,7;5,10,14,15,8;19,2,13,1,18;9,6,11,16;0",5,0.1189115084707737
9.049893375752152,"7,8,11,17,18,2,15;9,19,5,13,1,12,10;3,6,16,0,4;14",4,0.1189115084707737
6.0847615266894755,"18,1,4,8;16,11,9,13,7,5,17,2;19,10,14,6,0,3;15,12",4,0.1189115084707737
8.668244539884988,"6,12,13,5,19,18;17,0,7,4,1;16,8,14,11,9,10;15,3,2",4,0.1189115084707737
8.780394551768214,"0,8,9,4,11,1;17,18,16,6,10;3,7,2,5,12,14;19,15,13",4,0.1189115084707737
8.97697331718591,"9,6,8,11,13,0,2,10;12,1,3,15;16,14,5,7,4;19,18,17",4,0.1189115084707737
7.416689008519939,"16,5,1,12,4,7;10,6,8,19;17,11,14,3,0,13,2;18,9,15",4,0.1189115084707737
7.003267878139147,"12,17,15,3,19,5,14,18;11,6,7,4,8,10;9,1,2,16,0;13",4,0.1189115084707737
9.680500684324581,"9,16,12,4,5,18,8,15,17;7,19,0,3,11,10;1,6,2;14,13",4,0.1189115084707737
7.185273926268729,"13,17,6,15,4,12,19,9;3,18,11,5,1,14;8,16,10,0;2,7",4,0.1189115084707737
7.912017398802703,"3,10,0,2,8,7,1;4,5,9,17,19;18,16,13,14;12,15,6,11",4,0.1189115084707737
8.770915114042317,"12,15,11,6,7,3,10,17,18,5;14,16,2,1,19,9,0;4,8,13",3,0.1189115084707737
10.756164605209268,"5,7,12,4,18,6,10;9,19,17,3,14,8;16,15,0,13,1;11,2",4,0.1189115084707737
7.994300318307344,"0,12,6,11,5,9;1,8,13,15,7;2,19,16,10,3;17,4,14,18",4,0.1189115084707737
8.650166076087334,"7,18,13,9,12,4;2,6,11,16,5,19,17;1,14,15,0;10,8,3",4,0.1189115084707737
8.865475594105243,"3,16,9,4,8,6,1,12,17;15,14,7,11,5,2;0,19,18,10;13",4,0.1189115084707737
11.066156555673071,"9,3,13,0,14,5,17;2,6,12,4,1,15;8,10,11,7;16,18,19",4,0.1189115084707737
11.4240732933176,"16,17,10,11,9,7,3,15,2;8,0,6,4,19;18,13,1,12,14;5",4,0.1189115084707737
7.347408894419155,"18,12,7,14,5,17,4;2,3,19,1,10,8;6,9,13,11,15,0,16",3,0.1189115084707737
4.856051459034265,"4,18,10,3,2,19,5,11;12,17,7,14,16,8,9;15,1,6,0,13",3,0.1189115084707737
9.007418610768019,"18,11,2,1,9,8;0,13,16,6;7,3,10,5,15;4,17,19,14,12",4,0.1189115084707737
7.320475091758359,"6,4,17,2,15,1;9,11,3,14,19,16,12,13,8;0,5,18,7,10",3,0.1189115084707737
8.738864688548672,"19,12,9,5,6,18;8,2,4,16,3,1,13;0,15,10,11,14;17,7",4,0.1189115084707737
9.739512070332344,"19,11,17,8,4;12,18,3,14,5,16;1,7,15,10;9,6,13,0;2",5,0.1189115084707737
10.59486422980795,"2,17,13,14,8,10,19;12,7,0,4,18,6;11,9,16,3,15;5,1",4,0.1189115084707737
8.783666454550605,"9,15,5,16,14,10;13,19,1,0;3,7,11,18;8,12,17,6,2;4",5,0.1189115084707737
6.868217007682064,"17,8,15,9,7,2,14;18,12,11,0,13,5;10,1,3,6,19,4,16",3,0.1189115084707737
9.026560258213138,"15,16,0,11,5,1,9,18;8,12,13,19,6;14,7,4;10,3,2,17",4,0.1189115084707737
8.279919343999863,"10,3,2,13,5,12;1,14,17,0,9;4,19,8,18;6,11,16,7;15",5,0.1189115084707737
10.900889851868154,"9,3,8,13,12,6,0;15,10,19,11,1,7,4;5,18,17,14,2;16",4,0.11546992883086205
10.488173375471641,"12,15,16,17,10,4,18;1,11,8,5,14,19;2,3,6,13;0,9,7",4,0.11546992883086205
9.97672669369911,"19,4,1,5,10,2;6,9,8,11,3;14,15,0,7,12,18,17;13,16",4,0.11546992883086205
10.945439579051236,"15,18,11,13,6,3,14;12,4,2,16,5;1,10,8,7,9,17;0,19",4,0.11546992883086205
6.113376640044122,"19,10,17,8,13;18,9,16,12,14,11;4,2,7,6;3,1,0,5,15",4,0.11546992883086205
9.752229380745248,"1,10,3,13,4,14,15;16,8,7,0,6,5;19,12,9,18,2;11,17",4,0.11546992883086205
7.95759979403309,"0,10,18,5,6;8,15,13,7,11;3,4,16,14,2;9,12,17,19,1",4,0.11546992883086205
8.184328063983202,"17,13,9,11,7,2;5,16,15,14,10;18,0,3,8,6,4;12,1,19",4,0.11546992883086205
12.36905708207762,"6,0,19,13,9,11,2;8,4,5,10,3;15,1,14,16,12;17,7,18",4,0.11546992883086205
10.36620085854896,"5,3,18,9,19,8,17;11,7,1,0,13,14,6;15,2,4,10,16;12",4,0.11546992883086205
8.314107348045269,"0,7,6,14,18,4,12,16,11;13,10,3,15,5,2;9,8,1,17,19",3,0.11546992883086205
7.211673936806525,"9,4,19,5,18,11,0,16;7,3,15,1,17,10,13;2,12,6,8,14",3,0.11546992883086205
7.5364674459429715,"12,2,3,10,1,11,4;7,13,15,17,0;8,14,19,9,5;6,16,18",4,0.11546992883086205
8.44492776757009,"4,19,3,13,6,9,12;2,16,5,7,17,18,0,10,1;15,8,11,14",3,0.11546992883086205
12.375180670318569,"18,10,16,5,7,13;3,4,9,17,11,0,15;8,12,6,1;2,14,19",4,0.11546992883086205
7.347284888465914,"10,16,14,9,7,11,1;19,13,17,18,6;8,3,5,0,15;4,2,12",4,0.11546992883086205
6.302377840775984,"17,9,4,18,3,19,11,2;5,6,1,12,15;13,7,8,10,14,0,16",3,0.11546992883086205
8.301506193000105,"0,8,6,5,13,2,3;12,4,7,10,16,9;14,17,1,19;15,18,11",4,0.11546992883086205
12.023029422300219,"5,0,6,10,8,4,16,19;2,18,17,9,11,7;13,3,12,15;14,1",4,0.11546992883086205
7.783749974513889,"17,4,10,14,6,12;13,3,7,1,15,5;16,9,19,8;11,2,18,0",4,0.11546992883086205
8.742788564599413,"18,17,0,9,3,7,6,2,5,11;14,16,10,19,4;15,1,12;8,13",4,0.11546992883086205
5.843106790349201,"0,12,9,16,11,19,3,6,7;15,18,5,8,14;13,10,2,1,17;4",4,0.11546992883086205
6.767449716980938,"10,6,11,15,0;1,17,16,19,8,9,2;12,7,3,5,13,14,18;4",4,0.11546992883086205
7.111131429639554,"19,9,2,14,6;7,0,11,17,12,16,3;10,5,15,1,8,4;18,13",4,0.11546992883086205
9.104348094226848,"16,18,12,14,13,2,5;0,7,15,10,4;8,1,11,9,3;6,17,19",4,0.11546992883086205
9.424661506785256,"19,9,18,11,2,16,0;14,13,12,8,3,4;7,1,15,10,17,6;5",4,0.11546992883086205
5.91543823069714,"4,8,18,9,6,3,16;2,1,11,7,5,0,15,10;14,12,17,13;19",4,0.11546992883086205
7.888790943472347,"14,18,9,5,13,2,1,19,15;7,12,10,6;11,3,8,4,16;17,0",4,0.11546992883086205
6.890799212316029,"8,9,19,3,2,13,7;1,17,14,18,12,11,0,10,15;6,4,16,5",3,0.11546992883086205
6.488282572502546,"4,14,0,3,5,2,7;12,15,10,19,16,11;9,8,1,6,17,18;13",4,0.11546992883086205
8.22193990797845,"18,17,9,0,6,19,13,10,14;15,12,8,7,11;4,3,2,1,5,16",3,0.11546992883086205
10.846615842618682,"4,9,0,8,1,3,14,15;17,13,18,10;19,7,11,5,2,12,16;6",4,0.11546992883086205
8.223751512625741,"3,10,2,17,8,9,4;19,18,14,12,5,15;6,13,11,16;0,1,7",4,0.11546992883086205
7.822072393756295,"16,14,12,0,13,19;6,18,17,7,8,10,9;11,5,4,15,1;3,2",4,0.11546992883086205
10.070998893586813,"9,10,7,5,1;17,8,11,15;16,2,14,19;4,13,6,3,12,18;0",5,0.11546992883086205
8.626709423858504,"4,12,8,10,14,7,15;2,9,18,0,6,3,5;13,19,16,11;1,17",4,0.11546992883086205
9.264558235589659,"11,2,3,8,4;12,14,17,0,5;18,7,10,9,15;6,13,16,1;19",5,0.11546992883086205
5.9546057396823135,"3,18,7,1,12,0,2;4,16,13,8,6,9;5,15,17,11,14;10,19",4,0.11546992883086205
9.624838408037325,"3,0,18,12,14,9;6,1,2,11,15,16;17,4,8,13,5;7,10,19",4,0.11546992883086205
7.296726361192092,"0,13,5,7,19,16,4;11,3,17,8,12,18,1,9;10,15,2,14;6",4,0.11546992883086205
9.146160767509645,"14,3,7,10,16;1,15,12,19,13,2;4,0,5,17;6,18,11,9,8",4,0.11546992883086205
6.131135242484953,"8,6,11,17,4,18,1,15;3,2,0,10,9;7,13,12,14,5;16,19",4,0.11546992883086205
7.897421782518277,"17,1,7,12,10,16,18,9,2,4;8,15,0,5,11,3;13,6,14,19",3,0.11546992883086205
6.997296332758957,"8,16,19,14,1,6;0,10,5,11,18,7,15;17,13,4,3,9,2;12",4,0.11546992883086205
10.584494015174476,"0,9,8,7,13,2,4,18;10,16,14,11,3,17;5,1,6,15;12,19",4,0.11546992883086205
9.234972480274227,"4,10,12,9,17,2;5,15,7,19,16,14,18,3;13,11,8,6,1;0",4,0.11546992883086205
9.007562975581932,"9,1,3,6,7,8;4,10,19,13,17,2;16,11,5,18,0;15,12,14",4,0.11546992883086205
8.75827616695887,"18,10,8,3,0,19;11,13,15,17,7,1;5,2,14,4,16;9,6,12",4,0.11546992883086205
8.177647397992832,"18,0,17,5,4,19,7,13,8;11,9,12,14,3,1;2,10,16,15;6",4,0.11546992883086205
8.2889910987535,"19,3,15,11,7,16,17;13,1,12,10,4,2;14,5,6,8,0;18,9",4,0.11546992883086205
11.625416058715103,"5,8,16,0,3,10,18;1,14,12,17,6;9,7,13,15;4,19,11,2",4,0.11546992883086205
8.097200616468255,"18,13,10,1,15,3;11,19,4,2,12,6,5;14,16,0,7,17;9,8",4,0.11546992883086205
7.083631975841404,"6,16,13,10,2,0,1,14;18,5,3,9,12,15,17,7;11,19,4,8",3,0.11546992883086205
8.250732314657697,"12,14,3,9,15,4,0;8,19,17,13,5,18;6,10,7,11;16,2,1",4,0.11546992883086205
8.777498901603703,"8,11,5,9,7,10,17,16;12,18,4,0,13;14,3,6,15;1,19,2",4,0.11546992883086205
11.129936236979116,"16,4,5,0,1,14;13,12,3,10,9,17;2,15,19,18;11,7,8;6",5,0.11546992883086205
7.088224556569528,"7,16,10,9,6,0,4;8,5,15,3,13;18,14,2,12;19,1,17;11",5,0.11546992883086205
9.702903481754475,"19,13,3,14,18,4,11,10;8,15,12,17,16;2,9,7,0,1;6,5",4,0.11546992883086205
10.29195644124397,"18,2,14,0,5,8;9,11,17,15,19;12,7,10,16,6,1;3,4,13",4,0.11546992883086205
9.332161439137854,"18,12,3,19,5,7;11,10,1,15,8,16;14,13,2,6,0;9,4,17",4,0.11546992883086205
6.417593616418794,"16,5,8,15;7,9,3,1,14;18,11,4,10,13,19,12,17,2;0,6",4,0.11546992883086205
7.929656950043498,"2,10,19,7,14,13,3;4,8,17,15,16,9;6,5,0,18,12,11,1",3,0.11546992883086205
9.381829786081,"17,14,13,8,7,10,6;5,16,2,15,0,4;1,3,12,9,19;11,18",4,0.11546992883086205
8.496516008594337,"18,6,1,4,13,14,0,16,7;15,2,10,8,17,3,9,11;5,19,12",3,0.11546992883086205
6.65143496859211,"7,1,13,15,10,8;19,16,5,3,2;11,9,14,18,17,0,12;6,4",4,0.11625986546278
9.169717488754916,"0,19,12,5,16,1,18;14,13,9,8,10,3;6,4,7,2,11,17;15",4,0.11625986546278
9.152227941247771,"1,9,18,11,13,8;10,4,7,15,5,16,3,2;0,14,19,17;12,6",4,0.11625986546278
8.498053631879388,"2,7,15,4,1,5,10;17,8,6,3,19,11,0;12,13,18,9;16,14",4,0.11625986546278
12.7983736715347,"8,3,11,17,0,16;14,2,18,1,19;4,5,7,12;15,9,6,13;10",5,0.11625986546278
6.5978038232477285,"11,6,9,15,5;7,19,3,13,16;4,14,18,10,12,17;8,0,2;1",5,0.11625986546278
9.833636654265131,"14,5,11,13,9,16;0,2,1,4,17,3,15,12;7,19,8,6,18;10",4,0.11625986546278
9.706493557281963,"1,6,0,5,11,18,8,16;9,7,10,14,13;15,17,3,2;19,4,12",4,0.11625986546278
9.129620454426208,"7,10,0,12,18,6,13,2;4,8,11,14;3,19,9,1;17,5,16,15",4,0.11625986546278
6.521063464210484,"5,15,18,0,11,6,12,19;9,2,13,1,10,14,16;3,7,4,17,8",3,0.11625986546278
8.638281089952457,"10,8,6,3,1,0,9;7,18,15,4,11;19,5,17,12,16,13;2,14",4,0.11625986546278
6.936207067576069,"3,8,15,5,9,0,11;18,6,13,17,1,10;16,2,7,14;4,12,19",4,0.11625986546278
8.663377122803471,"18,19,1,11,6,12,9,5,2,4;10,15,3,0,13,16;7,14,8,17",3,0.11625986546278
8.884528126371533,"0,10,11,18,8,3;6,5,12,4,13;19,7,16,15;1,17,9,14;2",5,0.11625986546278
10.851801856824816,"6,10,18,17,12,14;7,3,13,1,2,16,5;9,8,0,4,11,19;15",4,0.11625986546278
6.5423288272470685,"1,3,8,7,5;16,18,12,15,9,14,11;17,2,10,4,19,13;0,6",4,0.11625986546278
8.51158713047801,"9,4,0,18,15;10,6,1,19,17,11;3,16,13,7,12,5,2;8,14",4,0.11625986546278
9.073679400216513,"19,6,14,15,7,10,13,11;16,9,8,5,0,12,18;3,4,17,2;1",4,0.11625986546278
6.176000125957494,"12,18,7,5,16;8,14,15,2,3;4,9,13,1,6;11,17,19,10,0",4,0.11625986546278
8.212404852386692,"5,19,0,9,11,1;4,12,8,3,15,14,7,10;6,17,16,18;2,13",4,0.11625986546278
11.588043655324478,"8,7,3,15,2,18,12,14;16,13,0,10,19,9,5;4,11,17,6;1",4,0.11625986546278
8.85091236455135,"16,3,12,14,5,9,4,2;0,1,18,7,6,13,15,19;8,10,17,11",3,0.11625986546278
6.660787085591645,"4,14,11,15,19,18,12;16,17,10,5,7,3;8,6,13,2,9,0;1",4,0.11625986546278
12.758774723281926,"9,4,11,19,14,17,15,16;2,1,8,0;12,7,10,18,13;3,5,6",4,0.11625986546278
10.293808886236397,"15,1,5,13,8,19,6,14;11,9,7,17;3,16,10,2,0;18,4,12",4,0.11625986546278
9.74896604672831,"11,14,5,10,0;1,13,19,17,18,16,12;8,7,4,15,9,3;6,2",4,0.11625986546278
6.979466169892396,"14,18,10,6,15,19,3,4;1,9,11,5,8,7,13;12,0,2,17,16",3,0.11625986546278
9.440494258473162,"7,1,6,3,9,0;4,10,13,16,12,18,11,19;5,8,14,17;15,2",4,0.11625986546278
8.832763959574196,"10,9,17,0,14,5,8,6,12;19,2,13,7,16;11,3,1,4,15;18",4,0.11625986546278
6.595524427818348,"7,12,9,15,14,18,16,1;19,6,8,2,5,17,13;10,4,0,11,3",3,0.11625986546278
8.579454047286687,"6,11,18,3,2,13,12;15,17,19,0,9;5,4,16,7,8;14,10,1",4,0.11625986546278
12.444397625622893,"13,18,1,10,11,7,16,19;3,4,14,9,17,12,2;5,15,0,8;6",4,0.11625986546278
10.416583145478576,"1,0,11,2,19,5,16,6,3;13,14,4,12;8,9,7,10,18;17,15",4,0.11625986546278
12.48098695098544,"1,4,3,17,8,9,0;2,19,11,16;7,5,10,14;15,18,6,12,13",4,0.11625986546278
6.180385478882206,"13,16,10,4,8,12;3,17,1,7,15;9,18,2,14,19;5,0,6,11",4,0.11625986546278
9.901101616519233,"3,18,17,7,4,10,6,12,1;0,13,14,5,8;16,11,19,2;9,15",4,0.11625986546278
8.499616153976387,"10,0,13,17,7,4;12,9,14,5,2;19,8,11,15,6,16,3,18;1",4,0.11625986546278
8.076487061530031,"15,14,0,18,17,11,2;12,8,3,7,19,16,13,9,5,4;10,6,1",3,0.11625986546278
9.404836222022544,"4,10,12,11,1,13;8,19,9,7,16;14,15,5,6,18,3;17,2,0",4,0.11625986546278
8.213450836228468,"4,10,14,17,7,0;2,9,19,8,13;15,6,3,12;5,11,18,16;1",5,0.11625986546278
8.90090236793095,"1,11,12,13,3;4,8,18,9,5,19,2;15,0,16,14;6,7,17,10",4,0.11625986546278
8.945586475768904,"19,10,5,4,3,1,18,17,6,11;9,7,16,8;13,0,2;12,15,14",4,0.11625986546278
9.922203629393195,"11,0,14,1,3,8,13;17,7,15,19,10,2;4,16,9,6,18;12,5",4,0.11625986546278
8.701012101623688,"3,8,7,17,6,0,12;5,16,13,14,19,1,11;18,9,4,10;15,2",4,0.11625986546278
7.988610643947687,"17,5,15,6,2,0;8,18,1,3,12,13;14,19,7,9,16;10,4,11",4,0.11625986546278
8.582982006556898,"17,10,12,3,18;15,5,7,13,9,11;19,6,1,0,2;16,8,4,14",4,0.11625986546278
8.250361225001175,"16,18,11,12,1,2,17,5;15,10,8,9,13;0,19,3,4,7;14,6",4,0.11625986546278
7.560468481383985,"8,7,9,0,15,10,16,14;18,3,2,5,6,17,4;19,12,11,13;1",4,0.11625986546278
8.591591769181731,"6,9,19,3,18,10,2,7,4;0,13,15,11,17,8;14,5,16,12,1",3,0.11625986546278
11.17568646819485,"7,0,4,11,10,14,1;16,19,5,13,6;8,17,15,18;12,2,9,3",4,0.11625986546278
12.25896795853275,"5,19,18,4,3,8,10,7;6,15,9,2;1,0,12,11,17,14,16;13",4,0.11625986546278
10.820546428885372,"13,19,7,6,8,0,17;16,10,4,1;9,18,2,3,5;14,11,15,12",4,0.11625986546278
10.214104399414287,"18,4,9,2,5,7,12,0,15,3;10,1,11,17;6,14,19,13;8,16",4,0.11625986546278
8.744184203548196,"19,8,1,11,9,17,2,13;12,6,15,14,3,5;0,10,4,7,18,16",3,0.11625986546278
8.750299616554615,"12,0,7,8,6,16;15,4,13,1,5,11,3;2,9,10,14,18;17,19",4,0.11625986546278
6.741653001216854,"0,1,4,8,6,12;5,9,10,2,14,3;7,11,19,13,17,18,16;15",4,0.11625986546278
8.338502793872154,"3,7,9,18,16,5,2;0,13,14,19;1,12,6,10,11,17;15,4,8",4,0.11625986546278
7.24507082859713,"18,9,11,10,15,5;14,19,12,16,6,1,8,2;17,4,7,0,13,3",3,0.11625986546278
7.967859729750678,"4,15,17,18,11,9;12,13,10,5,14;2,3,7,8,6,16;1,0,19",4,0.11625986546278
11.150271977598168,"11,6,19,12,13;17,18,5,1,9,10,0;4,7,2,3,14,8;16,15",4,0.11625986546278
10.292899805444574,"5,0,3,7;11,10,6,2,18,8,9,12;16,15,4,17,1;19,14,13",4,0.11625986546278
11.103406535971743,"3,6,14,1,10;7,18,13,17,0,9;2,15,5,11;4,16,8,19,12",4,0.11625986546278
12.208558898064172,"16,5,19,11,2,10,9,13,7;18,1,3,8,4;0,12,6,14,15;17",4,0.11625986546278
9.72915347157471,"0,11,16,9,19;15,3,14,6,8,1,18;5,4,7,2,12;10,17,13",4,0.11625986546278
10.617158299679028,"10,0,4,9,1,16;8,17,2,7,11;18,5,13,6,3,14;15,12,19",4,0.0776042751967907
8.204168192664332,"7,6,10,9,16;0,18,4,2,12,5,14,8;11,3,17,15,1,19;13",4,0.0776042751967907
6.560993206262681,"8,6,17,11,10,14,9;16,0,1,2,12,19,3;18,4,7,5,13,15",3,0.0776042751967907
9.64365291259335,"16,5,7,17,10,6,12;11,4,19,0,9;2,13,3,1,18,14,15,8",3,0.0776042751967907
8.069886344409781,"15,7,10,18,2;0,19,5,11,17;4,12,1,16,6,8;13,9,3,14",4,0.0776042751967907
9.106054332315324,"17,14,10,18;15,3,4,12,5,9;0,13,19,7,11;6,16,8,2;1",5,0.0776042751967907
10.322811683870343,"10,1,14,12,7,2;18,5,16,19,0,17;6,4,9,3,8,15;11,13",4,0.0776042751967907
8.766359820910022,"17,0,9,6,14,3;13,1,18,12,7,15;4,11,19,5;10,8,2,16",4,0.0776042751967907
7.587729263507823,"0,3,12,4,7,10;5,19,2,18,8,14,13;9,6,17,16,11,15,1",3,0.0776042751967907
7.323333163336361,"0,2,8,1,16,13,6,4,19;5,10,7,17,14,12;3,15,11,9,18",3,0.0776042751967907
6.097608974776226,"10,3,12,9,19,16,18,8,14;5,1,4,6,2;15,7,17,0,11,13",3,0.0776042751967907
10.33049790318364,"19,8,14,7,1;6,4,17,2,16,15,9,11,13;3,5,18,0,10;12",4,0.0776042751967907
8.483377103995767,"2,4,10,13,14,15,17;3,0,16,6,8,12,5;11,7,9,19;1,18",4,0.0776042751967907
9.71809538831214,"8,10,5,6,18,15,14,4;9,7,16,12,13;3,11,1,0,2;17,19",4,0.0776042751967907
9.617003053495374,"11,15,14,13,18,0,10,7;6,4,1,12,2,9;16,3,8,5,17,19",3,0.0776042751967907
9.326628379831572,"0,18,6,10,4,19,3,13,5;1,14,2,7,15;9,16,8,11,12;17",4,0.0776042751967907
8.62432132069792,"7,4,1,16,0,12,17;5,18,11,19,2;13,3,9,8,6;10,15,14",4,0.0776042751967907
8.583022327415017,"12,17,2,18,10,14,15,19,11;16,13,4,9,6;8,7,3,5,1,0",3,0.0776042751967907
7.336438112845828,"0,1,6,11,19,18,15;13,17,3,2;9,5,7,8,10;16,4,14,12",4,0.0776042751967907
7.277309686215859,"19,13,5,10,6,14,2,1;12,16,15,8;4,11,17,9,3,7;18,0",4,0.0776042751967907
7.8028930263483645,"12,8,15,4,1,5,14,0;13,2,10,16,11,6;7,3,17,18;19,9",4,0.0776042751967907
10.731256722299793,"3,15,0,11,5,16,1,17,9,19;8,10,14,2;4,13,12,6,7;18",4,0.0776042751967907
6.915950123357516,"18,13,11,6,7;17,14,8,4,10;0,9,5,16,2,19;3,15,12,1",4,0.0776042751967907
9.401396684984718,"2,15,9,5,1,4,12;14,13,0,7,8,18,6,17;10,3,11,16;19",4,0.0776042751967907
9.252083290489152,"19,1,16,9,13,11,0,14;10,5,18,12,8,17;7,3,15,6;2,4",4,0.0776042751967907
9.781389461718797,"5,16,3,18,15,2,0;11,13,10,17,9,6;7,4,8,19,1;12,14",4,0.0776042751967907
9.011666663985494,"6,16,13,9,3,10,5;17,0,12,1,18,11;14,2,7,4,8;19,15",4,0.0776042751967907
8.473588379612442,"11,3,14,6,5,7;13,18,0,16;2,12,19,8,4;10,9,17,15,1",4,0.0776042751967907
8.357078700200566,"13,0,9,4,16,8;11,17,14,10,7,18,6,12,5;3,19,1,15;2",4,0.0776042751967907
9.568370740076553,"11,17,15,9,1,3,8,7;6,4,18,14,2;0,5,19,16,13;12,10",4,0.0776042751967907
9.481976075191719,"14,10,0,13,15;9,19,1,8;12,2,6,17,16;4,11,7;5,3,18",5,0.0776042751967907
6.509481848367131,"17,9,4,1,16,10,19;3,13,12,8,7,6,14;11,5,15,18,2;0",4,0.0776042751967907
7.879888216080023,"17,16,6,18,10,1,11,9,4;5,7,13,3;8,15,2,0,12;19,14",4,0.0776042751967907
11.211640017597313,"16,19,3,0,17,13,2,9;5,10,1,6,4,11;7,8,15,14;12,18",4,0.0776042751967907
6.447481903040993,"18,0,14,6,4,10,17;7,19,1,13,5,2,9;3,8,12,11,16;15",4,0.0776042751967907
9.636731646482112,"2,3,9,8,4,10,13;0,15,1,5,12;6,7,17,11,18,16,19;14",4,0.0776042751967907
6.16521145630823,"16,18,7,5,6;10,15,11,17,3,19,14,8;0,4,9,1,13,12;2",4,0.0776042751967907
8.092654173275536,"16,13,5,9,11,3;4,18,7,2,14,15,1,6;17,12,8,0,19;10",4,0.0776042751967907
9.063756335757436,"0,8,4,17,2,18;15,1,13,5,12;9,6,11,3,19,14;10,7,16",4,0.0776042751967907
8.159804061064126,"4,9,11,18,10,12,0;13,19,3,5,16;1,2,7,14,8,17;6,15",4,0.0776042751967907
